outer,inner,layer,representation_dim,head_balanced_accuracy,head_auroc,disease_probe_ba,disease_probe_auroc,disease_centroid_ba,disease_silhouette_euclidean,disease_silhouette_cosine,within_class_distance,between_class_distance,between_within_distance_ratio,disease_between_variance_ratio,subject_within_disease_variance_ratio,between_within_variance_ratio,domain_probe_auc,normalized_mean_shift,coral_covariance_shift,pd_centroid_drift,dd_centroid_drift,activity_probe_accuracy,subject_retrieval_top1,subject_retrieval_top5,subject_retrieval_mrr,same_subject_similarity,same_disease_other_subject_similarity,subject_similarity_gap,dd_subtype_silhouette,dd_subtype_centroid_accuracy,dd_subtype_count,subject_retrieval_chance
0,0,activity_context,258.0,0.6504649811101424,0.6453065969195001,0.5897268235977914,0.6351351351351351,0.5916884626562046,0.007336435511179933,0.006860443365076967,229.05260669202696,10.950571106892417,0.0480728145422224,0.009943117607114733,0.9900568823928851,0.010045331686072632,0.6808303318934924,0.11829098674506433,0.4909604185897057,2.177417504019562,6.670107449585141,1.0,0.045021645021645,0.141991341991342,0.1120907564694526,0.15756284764082223,0.017805312236420765,0.13975753540440142,-0.09175928207483668,0.3655913978494623,4.0,0.009523809523809525
0,0,bilateral_activity,258.0,0.6504649811101424,0.6453065969195001,0.5919790758500436,0.635425748328974,0.5916884626562046,0.0080296470361562,0.007490069438029899,225.47293635446286,11.07581075189754,0.049355344877948494,0.010221197606646,0.9897788023933539,0.010328996173575834,0.6555721942348739,0.11798320033648574,0.4900168464749079,2.1931800157110497,6.65023941479064,0.6704184704184705,0.053679653679653605,0.16103896103896098,0.12409593673236109,0.14709191694918733,0.0189148803195821,0.12817703662960517,-0.09327836100660832,0.3870967741935483,4.0,0.009523809523809525
0,0,classifier_logits,2.0,0.6504649811101424,0.6453065969195001,0.6343359488520779,0.6477768090671315,0.6258355129322871,0.09099908669789623,0.12877063453197474,1.0341774423917134,0.2835020323594411,0.26472777513743023,0.05497173764505883,0.9450282623549411,0.0584494423719648,0.7716698541677758,0.1166385064522425,0.6574834129592352,0.46069908142089844,1.7233983278274536,,,,,,,,-0.36776461203893024,0.17204301075268816,4.0,
0,0,subject_aggregation,258.0,0.6504649811101424,0.6453065969195001,0.6084713746004069,0.6245277535600117,0.5989537925021796,0.030687840655446035,0.031053398735821202,227.68460083007812,21.06281280517578,0.091240895549403,0.019070250612390767,0.9809297493876091,0.019484547387175668,0.727552315266801,0.13238501052061713,0.5376890647766733,2.882437984148661,10.97602399190267,,,,,,,,-0.11960245917240774,0.3118279569892473,4.0,
0,0,wrist_encoder,64.0,0.6504649811101424,0.6453065969195001,0.5783202557396105,0.6102877070619006,0.577303109561174,0.012954769120633333,0.010465917699417399,54.1652133975974,2.714763036001056,0.05024027021953917,0.0104604328651599,0.9895395671348401,0.010573238132104534,0.6351095791223266,0.11300238734357741,0.4158238180251587,1.0425656099531733,3.684967894619772,0.6484848484848486,0.041269841269841234,0.1356421356421356,0.10854783760288463,0.1795216292597482,0.02561378960555996,0.1539078396541882,-0.11813383183553881,0.3440860215053763,4.0,0.009523809523809525
0,1,activity_context,258.0,0.6852359208523593,0.6899543378995433,0.6025114155251141,0.673972602739726,0.5947488584474886,0.0589441252317194,0.014469461700202434,303.3789855803268,40.379459173765675,0.13400687239605125,0.029526746927026667,0.9704732530729733,0.0304909875751663,0.5858336180743225,0.11124756701071743,0.47177869129147787,2.45367586583887,3.9941006836453354,1.0,0.05913503971756393,0.17269785230950274,0.1344156205261591,0.21522055888797417,0.027954398115220463,0.18726616077275368,-0.08508114035492342,0.37777777777777777,4.0,0.009708737864077669
0,1,bilateral_activity,258.0,0.6852359208523593,0.6899543378995433,0.5943683409436834,0.6683409436834093,0.6015981735159818,0.05944709676931959,0.0146807962229315,298.5516042673915,40.99846376350567,0.13802704308695155,0.030395708834817833,0.9696042911651821,0.03140532490612313,0.6085848890545563,0.11018569282054884,0.4481745767357122,2.409055856239382,3.8621601456956003,0.666078258311268,0.06590173580464836,0.18446601941747567,0.14266242539756435,0.19399324356557215,0.024630874856822197,0.1693623687087499,-0.09185992193074427,0.37777777777777777,4.0,0.009708737864077669
0,1,classifier_logits,2.0,0.6852359208523593,0.6899543378995433,0.6479452054794521,0.6899543378995435,0.6436834094368341,0.1106106117367744,0.10960894823074337,0.9793481032053629,0.4924764931201935,0.4990039063901985,0.09648386450540726,0.9035161354945926,0.10888201397168794,0.7740849718882986,0.08581156159440673,0.6529842656528623,0.6779367526372274,1.3032677173614502,,,,,,,,-0.25242931395769114,0.18888888888888888,4.0,
0,1,subject_aggregation,258.0,0.6852359208523593,0.6899543378995433,0.6060882800608828,0.6687975646879756,0.6345509893455099,0.033398468047380364,0.025861153689523467,224.1685587565104,25.757126490275066,0.11478742204650307,0.02382184962736697,0.976178150372633,0.024517643698103764,0.760386108781412,0.11153496553500486,0.4535534989273593,3.665552854537964,6.68351952234904,,,,,,,,-0.10497006525595977,0.3111111111111111,4.0,
0,1,wrist_encoder,64.0,0.6852359208523593,0.6899543378995433,0.5843226788432268,0.6380517503805175,0.5891933028919331,0.07507644081920149,0.0190253690325122,77.57337317744778,13.11185137567054,0.16919597303629783,0.0381184344135175,0.9618815655864824,0.03969779334116217,0.5575018896447467,0.10308321100218891,0.34736500986974944,1.0909355193572683,1.6990081269721984,0.6275375110326566,0.0514857310973815,0.16651956457781694,0.12754419823615684,0.23575004358956875,0.0304115613030365,0.2053384822865322,-0.1157265710223331,0.41111111111111104,4.0,0.009708737864077669
0,2,activity_context,258.0,0.6962683042040623,0.7227208313651393,0.5892772791686348,0.6762714533144386,0.6042355534561487,0.05492238273847503,0.0349721724250082,265.0924854841806,43.587238708716825,0.16458593668476154,0.034648135434396765,0.9653518645656031,0.0358926693020139,0.5523972615909308,0.10637400684908817,0.40762317757284267,1.9093111239228533,4.1276386967084315,1.0,0.05763517528223406,0.17736185383244205,0.13434409380864284,0.1980883703069274,0.025430187567395863,0.17265818273953148,-0.020273202672814,0.4597701149425288,4.0,0.00980392156862745
0,2,bilateral_activity,258.0,0.6962683042040623,0.7227208313651393,0.603054637065029,0.6874507951503701,0.6145488899385924,0.05540169987607537,0.035425646158459896,264.28044086152073,44.36636359723351,0.16801606436614847,0.0353838373992325,0.9646161626007674,0.03668208643006033,0.5624708502283702,0.10197727858431381,0.40779953313901424,1.8745374602324623,3.9525759165635854,0.700237670825906,0.07040998217468804,0.19340463458110513,0.14715290621803553,0.17321855224322139,0.025350487453908332,0.14786806478931303,-0.020978873105862435,0.4482758620689655,4.0,0.00980392156862745
0,2,classifier_logits,2.0,0.6962683042040623,0.7227208313651393,0.6488741930404661,0.7197291765076366,0.6373012124074949,0.166719784339269,0.20634291569391883,1.4983623425165813,0.9913017352422079,0.6547034965694566,0.1329395740416847,0.8670604259583152,0.15486084662115365,0.6368973101164496,0.08029522808889543,0.29968958909922544,0.25892760977149004,0.9589059551556905,,,,,,,,-0.3208046058813731,0.29885057471264365,4.0,
0,2,subject_aggregation,258.0,0.6962683042040623,0.7227208313651393,0.6167532672020154,0.6795780192095734,0.641867422453157,0.05376519511143363,0.041143390039602865,239.63803100585938,38.39241282145182,0.1604015735642915,0.03341477071960863,0.9665852292803914,0.03459230181186964,0.6556832794267236,0.12181326001882549,0.4774798288307969,2.2884771823883057,5.297436237335205,,,,,,,,-0.020008340633163767,0.4482758620689655,4.0,
0,2,wrist_encoder,64.0,0.6962683042040623,0.7227208313651393,0.6272240592032751,0.6624153676586365,0.6054951976066761,0.07228121053656474,0.04292039285165017,69.4579593180275,15.042381443652973,0.21678553792176106,0.046398529214337035,0.9536014707856628,0.04865969521065113,0.5507935489488855,0.09331811502986043,0.30267937774373327,0.8360774139658175,1.8109085000467469,0.6797385620915032,0.05614973262032084,0.17290552584670227,0.13164486268957226,0.21865512672563048,0.03270013909166397,0.18595498763396642,-0.05883459334798433,0.4597701149425288,4.0,0.00980392156862745
1,0,activity_context,258.0,0.6348445219412961,0.6192967160709096,0.5979366463237431,0.6348445219412961,0.6100697471665214,0.03265952665074153,0.031096528453992134,222.36358136223757,26.495284509651015,0.11908526968316734,0.024951639598717767,0.9750483604012823,0.025593129988475433,0.6338656299485793,0.11761925296270587,0.5626799098789111,2.530119629559311,4.106019321911592,1.0,0.046753246753246734,0.1518037518037518,0.11799078394572286,0.1725799841394345,0.03883849987354073,0.1337414842658937,-0.04350431162780627,0.44086021505376344,4.0,0.009523809523809525
1,0,bilateral_activity,258.0,0.6348445219412961,0.6192967160709096,0.5965562336530078,0.6328102295844231,0.6230746875908166,0.03638363775210166,0.0326629100310835,221.5542726929253,27.436535039166085,0.12384794475459575,0.026083450578760034,0.97391654942124,0.026785099924466,0.6055190312102754,0.11402862966283174,0.547912557322587,2.4174365044371116,4.038466764070914,0.7033189033189032,0.05396825396825391,0.1659451659451659,0.1278741350533213,0.1589393946676759,0.03732371098677994,0.12161568368089593,-0.0411059726427628,0.44086021505376344,4.0,0.009523809523809525
1,0,classifier_logits,2.0,0.6348445219412961,0.6192967160709096,0.6109415867480383,0.614501598372566,0.6280877651845395,0.10104335596164067,0.0270717038462559,1.316017508506775,0.3117368121941884,0.2421721271077193,0.054674714125378936,0.945325285874621,0.05790057045239091,0.7052891107038572,0.0714395338048537,0.5088236408384258,0.41441595057646435,1.3703893025716145,,,,,,,,-0.3380335867404937,0.26881720430107525,4.0,
1,0,subject_aggregation,258.0,0.6348445219412961,0.6192967160709096,0.5481691368788143,0.5652426620168556,0.6043301365882011,0.04648268719514207,0.034708616013328204,217.09049479166666,28.424580891927082,0.1286802086073179,0.027588201101860402,0.9724117988981397,0.028473932411611298,0.6896265422763119,0.112025573849678,0.5078050294634902,3.296027938524882,8.554053783416748,,,,,,,,-0.1416903883218765,0.3010752688172043,4.0,
1,0,wrist_encoder,64.0,0.6348445219412961,0.6192967160709096,0.6071636152281313,0.6495204882301656,0.6199505957570474,0.05545208394936546,0.045140630362046796,52.769076146961915,8.303725896337935,0.15736242588353458,0.03380596325085943,0.9661940367491405,0.0349899220943087,0.6101017739266587,0.11728327399120277,0.4993375041137707,1.1880722622250175,2.0110346932902896,0.6643578643578644,0.04617604617604617,0.14516594516594514,0.11415841992089137,0.19910756908913893,0.052577710347592975,0.14652985874154587,-0.05927744482985873,0.44086021505376344,4.0,0.009523809523809525
1,1,activity_context,258.0,0.6750750750750751,0.6761261261261261,0.6243243243243244,0.6276276276276276,0.6325825825825826,0.07881298883300086,0.017688986210552,310.7517757862897,48.71238168900913,0.15669615541594972,0.03487308673323213,0.9651269132667677,0.03616078292242506,0.5869429650460095,0.1490005087061953,0.5726277301073303,2.3568424348470143,5.287500023138474,1.0,0.06701631701631697,0.18094405594405594,0.1411140048670516,0.21494869445791076,0.027815787824539733,0.18713290663337098,-0.04230588915196313,0.5444444444444444,4.0,0.009615384615384616
1,1,bilateral_activity,258.0,0.6750750750750751,0.6761261261261261,0.5932432432432432,0.6217717717717718,0.6313813813813813,0.07702792499353363,0.019252126881720098,309.4175780557041,50.473375141564674,0.16293107809954444,0.036009550381701866,0.963990449618298,0.037372012901336266,0.5698865308935567,0.14932425370030264,0.5505295047101836,2.394568051701099,5.178383168841161,0.6896853146853147,0.07313519813519807,0.1981351981351981,0.15128336079477317,0.1919561726790816,0.02274806955798157,0.1692081031211,-0.04978173405642616,0.5333333333333333,4.0,0.009615384615384616
1,1,classifier_logits,2.0,0.6750750750750751,0.6761261261261261,0.6593093093093093,0.6828828828828829,0.6617117117117117,0.16083593045671776,0.11676968882481253,1.8280997276306152,0.9424803952376047,0.5068613496991623,0.10772449040450927,0.8922755095954907,0.12408830092528779,0.5559345729134956,0.09198992202679313,0.13068247785861278,0.3806309849023819,0.4956259826819102,,,,,,,,-0.31923435628414154,0.28888888888888886,4.0,
1,1,subject_aggregation,258.0,0.6750750750750751,0.6761261261261261,0.5626126126126126,0.6294294294294295,0.6614114114114115,0.053591892278442764,0.028844422039886266,271.6826883951823,42.911848068237305,0.15835117722238737,0.03381462227164983,0.9661853777283501,0.035315971968452535,0.6221319010546177,0.11886758357286446,0.48214583351496837,2.386029124259949,4.891542434692383,,,,,,,,-0.04724430975814653,0.4777777777777777,4.0,
1,1,wrist_encoder,64.0,0.6750750750750751,0.6761261261261261,0.6196696696696696,0.6243243243243243,0.6301801801801802,0.09460096192955993,0.028099468676632003,85.50751707508714,17.20169423726968,0.20068714427717804,0.0449204860553011,0.9550795139446988,0.047060200599435935,0.5420521893589809,0.15578880902741668,0.48923381194054166,1.2988309008212384,2.4985151333607143,0.6672494172494172,0.060314685314685264,0.1789044289044289,0.13754398568392065,0.23702201671976322,0.0258232213179323,0.21119879540183084,-0.0793235155066573,0.4777777777777778,4.0,0.009615384615384616
1,2,activity_context,258.0,0.6613394216133942,0.6313546423135464,0.6057077625570776,0.6718417047184171,0.5845509893455099,0.030154101297945535,0.009247029652658735,255.1741050028562,14.737556235055939,0.05810385633294474,0.012365077691978935,0.9876349223080209,0.012524829320289267,0.5824653926326956,0.09121408799670057,0.4873770811890195,2.056550771401262,5.246340792924921,1.0,0.057075610473668666,0.18534863195057363,0.1356367253006532,0.21800180513071968,0.030391129832627067,0.1876106752980925,-0.0734602549453132,0.4666666666666666,4.0,0.009708737864077669
1,2,bilateral_activity,258.0,0.6613394216133942,0.6313546423135464,0.6236681887366818,0.669710806697108,0.5789954337899544,0.026879371276466304,0.008693579550031033,250.4978519669013,14.277409076656575,0.057227995724420104,0.012134627223607133,0.9878653727763927,0.012289346538976934,0.5854348959334362,0.08915050398826241,0.47067230671567084,2.0175964870183254,5.1824857956338874,0.6966754927919977,0.0709032068255369,0.19064430714916147,0.14837281068722188,0.19199466986935754,0.025805500312481997,0.16618916955687543,-0.07089513635284887,0.5,4.0,0.009708737864077669
1,2,classifier_logits,2.0,0.6613394216133942,0.6313546423135464,0.6273211567732115,0.6235920852359209,0.630593607305936,0.09742036213477447,0.09731674442688625,1.238752504189809,0.28930663317441935,0.29315098659233557,0.05784336581280167,0.9421566341871982,0.06309485730520173,0.7212096275480512,0.0477949865162372,0.5217830898449624,0.4513101826111476,1.3219820261001587,,,,,,,,-0.26358654101689655,0.17777777777777778,4.0,
1,2,subject_aggregation,258.0,0.6613394216133942,0.6313546423135464,0.6582952815829528,0.6867579908675797,0.6028158295281583,0.03828641586005683,0.0223174253478646,226.7035013834635,19.310726801554363,0.0878074865838983,0.018575349445445668,0.9814246505545543,0.018942267770971067,0.6992217852256029,0.10587690025568004,0.5483740433273371,3.8950478235880532,9.79161008199056,,,,,,,,-0.09805378814538317,0.3,4.0,
1,2,wrist_encoder,64.0,0.6613394216133942,0.6313546423135464,0.6080669710806698,0.6756468797564689,0.5799847792998478,0.024407358204827232,0.0100199803815176,59.50319385962192,3.2510487832449235,0.05484280112477933,0.011618193266073865,0.9883818067339262,0.011762668497271768,0.4896026163149451,0.07798409064548838,0.37803170993395524,0.9157629002901225,2.6810567060349233,0.6572521329802883,0.05766401882906733,0.17093262724330685,0.1318428281983573,0.23079623800482066,0.029866144759182766,0.20093009324563782,-0.08041506561910766,0.39999999999999997,4.0,0.009708737864077669
2,0,activity_context,258.0,0.6654315605928509,0.6835222319093287,0.6620895088637023,0.6862830572507992,0.5837692531240918,0.01816698696360203,0.01575597959642733,247.77070234912014,20.89174438233516,0.0840489204903569,0.017386532179577332,0.9826134678204227,0.0177130827860037,0.5563648737611872,0.10029794429733453,0.4360525992065065,2.439013352589468,3.6615811992251577,1.0,0.052236652236652165,0.1593073593073593,0.1252704504410882,0.20436416310295424,0.0169284257264886,0.1874357373764656,-0.0835624329993024,0.4086021505376343,4.0,0.009523809523809525
2,0,bilateral_activity,258.0,0.6654315605928509,0.6835222319093287,0.6364428945074107,0.6711711711711712,0.5783929090380703,0.017140858100386635,0.0118865653101934,249.74120654921572,18.904932288525067,0.07591411923532636,0.015746532000689168,0.9842534679993108,0.016010172376844902,0.5598204524471806,0.10070811776292597,0.44672925940351643,2.371482643978341,3.6649481465676934,0.7108225108225108,0.0594516594516594,0.1714285714285714,0.1357447716265527,0.18500539252121065,0.020420476123633634,0.16458491639757697,-0.08553102736067364,0.40860215053763443,4.0,0.009523809523809525
2,0,classifier_logits,2.0,0.6654315605928509,0.6835222319093287,0.6817058994478349,0.6836675385062482,0.680834059866318,0.1435066622992356,0.15485060090819988,1.3213078379631042,0.6358996629714967,0.511278446728633,0.10017955680590396,0.899820443194096,0.11558205102712486,0.6708722053192101,0.04414072632789606,0.39780797658293876,0.45324795444806415,0.9250053068002065,,,,,,,,-0.22223743796348572,0.20430107526881716,4.0,
2,0,subject_aggregation,258.0,0.6654315605928509,0.6835222319093287,0.6289596047660564,0.7182505085730893,0.6643417611159547,0.039323003031313364,0.04428266361355777,238.8474578857422,38.43489933013916,0.1627572333422196,0.0333021242608862,0.9666978757391137,0.034705785331390265,0.6256384099702071,0.12374681731065107,0.5265294379754394,3.27498451868693,6.195823907852173,,,,,,,,-0.06600343311826383,0.3763440860215053,4.0,
2,0,wrist_encoder,64.0,0.6654315605928509,0.6835222319093287,0.63368206916594,0.6646323743097936,0.5783929090380703,0.024540949648957002,0.014366320331085633,62.92565071853996,4.845659324280599,0.07790637236058047,0.01623063392834727,0.9837693660716527,0.016514006921958334,0.5432743803711545,0.09484620468982553,0.3661131582604616,1.158095872335265,1.7402211376240369,0.6721500721500723,0.0499278499278499,0.16161616161616157,0.124188388092283,0.22918075184492545,0.024693753618664865,0.20448699822626049,-0.10523368145841831,0.4516129032258065,4.0,0.009523809523809525
2,1,activity_context,258.0,0.6442942942942943,0.6728228228228228,0.5626126126126126,0.6181681681681681,0.6379879879879881,0.07362151286852531,0.02370262944882817,329.9459733099514,50.846786329247095,0.15404774718653222,0.03377892789987393,0.9662210721001259,0.034962815478463964,0.5751457546539513,0.13812710461582156,0.561846704571678,2.3599124458786274,4.595234708214574,1.0,0.06468531468531459,0.17744755244755242,0.13915346087712036,0.2278792403489087,0.027826825686765397,0.20005241466214319,-0.105292374293054,0.41111111111111104,4.0,0.009615384615384616
2,1,bilateral_activity,258.0,0.6442942942942943,0.6728228228228228,0.564864864864865,0.6037537537537537,0.6256756756756757,0.07432754178089453,0.024073976039097233,324.5606193813415,50.81549055432905,0.1565903286953211,0.03436948668858413,0.9656305133114159,0.0355975685444035,0.5855989981282722,0.1424753975791981,0.5551687869915313,2.3784502388446795,4.657558716431349,0.7313519813519814,0.0763403263403263,0.20804195804195802,0.15692408813172495,0.20456475865430032,0.028254805264407132,0.17630995338989316,-0.1007796487999932,0.4444444444444444,4.0,0.009615384615384616
2,1,classifier_logits,2.0,0.6442942942942943,0.6728228228228228,0.6328828828828829,0.6722222222222222,0.6487987987987989,0.17215820153554276,0.16479543844858802,2.5025885105133057,1.0665303468704224,0.42959379524825897,0.09370126757450391,0.9062987324254962,0.10362791029949163,0.5470645118186103,0.0592208827535311,0.18628529159833215,0.259050965309143,0.3907967805862427,,,,,,,,-0.2610862304766972,0.37777777777777777,4.0,
2,1,subject_aggregation,258.0,0.6442942942942943,0.6728228228228228,0.546996996996997,0.6067567567567568,0.601951951951952,0.07829446593920387,0.03894157086809474,288.7402750651042,55.06659825642904,0.1888759426488671,0.040997296075053806,0.9590027039249462,0.04277970060882517,0.5847098520400628,0.11756753921508788,0.5193166894130217,2.382450977961222,4.742009957631429,,,,,,,,-0.10211402674516036,0.45555555555555555,4.0,
2,1,wrist_encoder,64.0,0.6442942942942943,0.6728228228228228,0.5681681681681682,0.6423423423423423,0.6435435435435436,0.0902487312521034,0.03463238806586783,80.20604345221786,16.22252721070502,0.20210250658955028,0.044418042898871864,0.955581957101128,0.04649504130452777,0.5382452375426614,0.15192055864648316,0.48583044296831296,1.1287403305736352,2.3182890083563703,0.7042540792540793,0.049242424242424164,0.16608391608391604,0.12517067797194445,0.24620682773232128,0.0374334055989727,0.20877342213334857,-0.12755031791008245,0.4222222222222222,4.0,0.009615384615384616
2,2,activity_context,258.0,0.6958904109589041,0.7027397260273972,0.6096651445966516,0.6604261796042619,0.6025114155251141,0.02573340746748233,0.020984511016540197,243.65495182949306,22.638937077171136,0.0927742795848575,0.0194027152298488,0.9805972847701511,0.019788160145490966,0.614871085997293,0.12082848777499217,0.4664377511907447,2.1076162359704207,4.723406801780999,1.0,0.048249485142689,0.14827890556045895,0.11744388303508613,0.17069773823744525,0.020843410523347334,0.1498543277140979,-0.04540485224287527,0.4666666666666666,4.0,0.009708737864077669
2,2,bilateral_activity,258.0,0.6958904109589041,0.7027397260273972,0.6073820395738204,0.6599695585996956,0.589117199391172,0.023791008171100036,0.019868051588747798,240.73451670550284,21.733809180430637,0.09007708997112003,0.018804807040547333,0.9811951929594528,0.019167770258837567,0.6247846375456975,0.12293689239848564,0.46101620133314275,2.152538337172949,4.667582566670671,0.6749043836422478,0.05266254780817883,0.1644601353339217,0.12736131831621397,0.154410042946025,0.019413756288845768,0.1349962866571792,-0.04563159855702426,0.4444444444444444,4.0,0.009708737864077669
2,2,classifier_logits,2.0,0.6958904109589041,0.7027397260273972,0.6988584474885844,0.7060882800608829,0.6965753424657534,0.17134857177734375,0.14042374491691584,1.2427589893341064,0.7574945688247681,0.6193753458960148,0.12526300344597663,0.8747369965540234,0.14394608912326415,0.7002268774500977,0.049736673633257504,0.47160435012572055,0.38646679123242694,1.17134294907252,,,,,,,,-0.28508742650349933,0.18888888888888888,4.0,
2,2,subject_aggregation,258.0,0.6958904109589041,0.7027397260273972,0.6433028919330289,0.6692541856925418,0.6397260273972603,0.06216086695591603,0.055611097564299834,234.28691609700522,38.14622370402018,0.17127001133932795,0.03563929562984767,0.9643607043701522,0.037057889909153936,0.6844946619649067,0.10951655109723407,0.5006633649305621,3.132221221923828,8.10304037729899,,,,,,,,-0.09544046471516283,0.3888888888888889,4.0,
2,2,wrist_encoder,64.0,0.6958904109589041,0.7027397260273972,0.5793759512937595,0.6293759512937596,0.5652968036529681,0.0305427199785841,0.024392686906248896,59.75068070845128,6.222344408759383,0.10372003869339991,0.021858584900912498,0.9781414150990875,0.022356838613360467,0.5638921090414466,0.1187596149094402,0.3615620925324083,1.0044314769150648,2.290442768840132,0.6563695204471903,0.0435422182994998,0.1453368637834657,0.11572595685091637,0.19278416633699705,0.025072498233568732,0.16771166810342822,-0.05761136977488743,0.43333333333333335,4.0,0.009708737864077669
3,0,activity_context,258.0,0.6455972101133391,0.6362975879104912,0.6114501598372567,0.6365882011043301,0.6543156059285092,0.04583204629350024,0.0302659658147505,267.64365180654346,40.96928137367593,0.15296354336475873,0.032576817951642835,0.967423182048357,0.03368838340192227,0.605841976620854,0.11359805795188971,0.47234982401808145,2.235388814186179,4.604229456256186,1.0,0.055122655122655066,0.17056277056277055,0.1285445331630789,0.1614352413566259,0.019907600813844066,0.14152764054278177,-0.03752528763393747,0.5053763440860215,4.0,0.009523809523809525
3,0,bilateral_activity,258.0,0.6455972101133391,0.6362975879104912,0.6159546643417612,0.6287416448706771,0.6579482708514967,0.04716939987817096,0.030556838412834065,264.48592096361614,40.764960568601595,0.15387886681818655,0.03283403154440297,0.9671659684555971,0.0339707651405341,0.6237236410802929,0.11080643736738131,0.47121549974260074,2.1862243317183485,4.625653350890421,0.69004329004329,0.0643578643578643,0.18297258297258293,0.1394592093872974,0.14872594517365048,0.0182685683085679,0.13045737686508255,-0.0390074317874168,0.5053763440860215,4.0,0.009523809523809525
3,0,classifier_logits,2.0,0.6455972101133391,0.6362975879104912,0.6369514675966289,0.6361522813135717,0.6243097936646324,0.14357734223206833,0.051333793749411834,1.4002165794372559,0.47407761216163635,0.3250404198996945,0.07189216786505881,0.9281078321349411,0.07869445850879804,0.7265715434295927,0.05643188829223309,0.43308614699951425,0.620216945807139,1.2426751255989075,,,,,,,,-0.22036268313725785,0.29032258064516125,4.0,
3,0,subject_aggregation,258.0,0.6455972101133391,0.6362975879104912,0.6145742516710259,0.6384771868642836,0.6437082243533857,0.032355398560563665,0.028677437144021167,270.1249491373698,35.0135383605957,0.1298996421420198,0.027045011301309197,0.9729549886986909,0.0279521352314696,0.654541376438332,0.1329387625058492,0.5477396346909862,3.7854385375976562,6.513865311940511,,,,,,,,-0.06998557597398754,0.5053763440860215,4.0,
3,0,wrist_encoder,64.0,0.6455972101133391,0.6362975879104912,0.6225661145015984,0.6261261261261262,0.6551874455100261,0.05780390333273607,0.0401071590935305,66.96025658855113,13.10657102126732,0.1955109410460666,0.041836800388735364,0.9581631996112646,0.0436862899864573,0.5598054696793081,0.10032020132966035,0.3354275875748873,0.8848050662652249,2.162096543927796,0.6519480519480519,0.052813852813852764,0.16738816738816734,0.12763749784045503,0.18652033086734368,0.024460210542068036,0.16206012032527567,-0.0510641280806873,0.4731182795698925,4.0,0.009523809523809525
3,1,activity_context,258.0,0.671825050857309,0.6761115954664342,0.5725806451612904,0.6708805579773323,0.5535454809648358,0.016815615214107533,0.005354323265576533,277.8081295872997,14.59259074865139,0.052750799600916165,0.011080833793416801,0.9889191662065832,0.011206876268357766,0.5642293401226695,0.13865757122906128,0.42070816891265567,2.3502964860016746,4.778316526847154,1.0,0.05050505050505047,0.1593073593073593,0.12310195738409263,0.20344495782994865,0.011888546464733035,0.19155641136521553,-0.014048877832744333,0.4623655913978495,4.0,0.009523809523809525
3,1,bilateral_activity,258.0,0.671825050857309,0.6761115954664342,0.5779569892473119,0.6633246149375182,0.5436646323743098,0.0162186372646946,0.006943814798259067,274.330033477836,15.546413715592786,0.05691783612528809,0.011914459473022034,0.9880855405269781,0.012059832364919499,0.5725158916025427,0.13193838296535187,0.43143306401533227,2.3003325535048993,4.612400082758025,0.6897546897546899,0.0649350649350649,0.18412698412698414,0.14088753398743506,0.17637699792186945,0.012577241177743401,0.16379975674412603,-0.026028857602298266,0.4623655913978495,4.0,0.009523809523809525
3,1,classifier_logits,2.0,0.671825050857309,0.6761115954664342,0.6588201104330137,0.6881720430107526,0.6310665504213891,0.10239975899457927,0.13474990986287594,1.6970057090123494,0.745968242486318,0.45633521051999226,0.08800367988909678,0.911996320110903,0.09776297934760424,0.5646348600945564,0.06986920535564417,0.11896047832643623,0.17576726526021957,0.7199155489603678,,,,,,,,-0.35961612562338513,0.30107526881720426,4.0,
3,1,subject_aggregation,258.0,0.671825050857309,0.6761115954664342,0.6289596047660564,0.6843940714908457,0.6194420226678291,0.03546991509695843,0.027415965373317336,267.6973876953125,28.51576805114746,0.10681586366514202,0.0225466810529672,0.9774533189470328,0.023091334425893534,0.5664952771547921,0.10086340457201,0.38397349953374477,2.15574312210083,4.974347114562988,,,,,,,,-0.058125992926458474,0.4838709677419355,4.0,
3,1,wrist_encoder,64.0,0.671825050857309,0.6761115954664342,0.6123219994187736,0.6415286253995931,0.556669572798605,0.022732919004457897,0.009129271484235599,66.95630439766504,3.945278655423923,0.0594504555479378,0.012544788393965667,0.9874552116060341,0.0127101165131589,0.5666515947735257,0.12390587201732924,0.28353971713104836,1.0270133930893663,2.4762688081069038,0.6678210678210679,0.05512265512265507,0.16190476190476186,0.12783754340779482,0.21957020894093035,0.018758773156158568,0.20081143578477176,-0.035116896667798096,0.4301075268817203,4.0,0.009523809523809525
3,2,activity_context,258.0,0.6949010654490108,0.7149162861491628,0.6361491628614916,0.6872146118721462,0.587138508371385,0.0386109462950801,0.016787540335242133,245.36842028617093,19.484422201969135,0.07878492569120589,0.0168288388176985,0.9831711611823014,0.017133503242255,0.61376869578372,0.1202484695523839,0.424919354634165,1.974218713242496,4.925783883929007,1.0,0.051779935275080825,0.15975286849073256,0.12259749595494947,0.20727437430538634,0.045011340718606,0.1622630335867803,-0.09277821618151343,0.3222222222222222,4.0,0.009708737864077669
3,2,bilateral_activity,258.0,0.6949010654490108,0.7149162861491628,0.6541095890410958,0.6802130898021309,0.5691780821917808,0.03740613376465416,0.015914584940435735,242.32487352115777,18.88137431922618,0.07735551974311694,0.0165014420627995,0.9834985579372005,0.016799936272262967,0.6058834574742661,0.12148375647205593,0.4214896358551037,1.9873834141415292,4.94269694512102,0.6728449543983525,0.06148867313915853,0.16593115622241833,0.13503940674060994,0.1878541884722503,0.04105506022628283,0.1467991282459674,-0.08869702562801278,0.31111111111111106,4.0,0.009708737864077669
3,2,classifier_logits,2.0,0.6949010654490108,0.7149162861491628,0.6773211567732115,0.7200913242009133,0.6923135464231355,0.21535036464532212,0.2156979342301686,1.6963369448979695,1.1964926719665527,0.7268197105093703,0.1433703283357187,0.8566296716642813,0.17032818020388577,0.5620460827597372,0.029240200916926,0.19020154751870422,0.25303747504949564,0.7049218614896139,,,,,,,,-0.21057229240735373,0.2666666666666666,4.0,
3,2,subject_aggregation,258.0,0.6949010654490108,0.7149162861491628,0.6436834094368341,0.6948249619482496,0.6659056316590563,0.07891880845030143,0.052956404785315166,260.9862060546875,45.329079945882164,0.17055499262674265,0.03709215760107346,0.9629078423989266,0.03877995992000343,0.5827506804197039,0.10022723178068789,0.4086606595367821,2.3037399450937905,5.053619225819905,,,,,,,,-0.08978785077730811,0.4333333333333333,4.0,
3,2,wrist_encoder,64.0,0.6949010654490108,0.7149162861491628,0.6032724505327245,0.6898021308980212,0.5711567732115678,0.05062071330152687,0.021670882893075633,59.65809963273474,5.645910841566269,0.09383162151243384,0.0202131226655336,0.9797868773344663,0.020678788232381434,0.5437732805717781,0.12653829551497467,0.3353311543011322,0.9340883225688312,2.4797485613165104,0.6713739335098557,0.04942630185348627,0.1541629891144454,0.11965269382654736,0.23018722928809496,0.05135592967306634,0.17883129961502855,-0.11577793365249611,0.3333333333333333,4.0,0.009708737864077669
4,0,activity_context,258.0,0.6865736704446381,0.7298750363266492,0.6431996512641674,0.6764022086602731,0.6315751235106074,0.052544036772873594,0.03005807915885393,261.478219434511,33.71477165140969,0.12896916254328636,0.0281192480755138,0.9718807519244862,0.0289467357278668,0.49208869830989643,0.11433958722055076,0.4419955981762555,2.1837937435360177,3.2240900377971022,1.0,0.04935064935064933,0.14718614718614717,0.11705677864417446,0.19783995841263494,0.0318789710590335,0.16596098735360135,-0.0636690775463871,0.46236559139784944,4.0,0.009523809523809525
4,0,bilateral_activity,258.0,0.6865736704446381,0.7298750363266492,0.6355710549258936,0.6726242371403662,0.6338273757628596,0.05284010350062116,0.0312385748621711,258.22171620178193,33.99391977368345,0.13161394583129185,0.0287116207445396,0.9712883792554603,0.02957042593090457,0.5187798446089599,0.10942066963834957,0.4416682527546841,2.136255113972496,3.1619571149073344,0.750937950937951,0.058874458874458836,0.16969696969696965,0.13079295536350263,0.17576215754887678,0.029751333870508562,0.14601082367836818,-0.0554392982984199,0.44086021505376344,4.0,0.009523809523809525
4,0,classifier_logits,2.0,0.6865736704446381,0.7298750363266492,0.6683376925312409,0.7330717814588782,0.6580935774484162,0.18337720135847727,0.17945667107899976,1.6916170914967854,1.2163933912913005,0.716457516105689,0.14815287223927068,0.8518471277607294,0.17575485657552933,0.5220175549555318,0.07827351614832874,0.1693118557484421,0.08102791290730234,0.5345523158709208,,,,,,,,-0.3707127869129181,0.22580645161290316,4.0,
4,0,subject_aggregation,258.0,0.6865736704446381,0.7298750363266492,0.6312118570183086,0.6801801801801801,0.6719703574542284,0.050928684572378764,0.036827645575006764,257.797612508138,38.99712371826172,0.14964672719084612,0.032036392165671536,0.9679636078343284,0.033192757816103834,0.5551608602526484,0.10290475934743874,0.43585016282906447,1.9095199902852376,3.477307399113973,,,,,,,,-0.06940871477127074,0.3655913978494623,4.0,
4,0,wrist_encoder,64.0,0.6865736704446381,0.7298750363266492,0.6179163034001744,0.6573670444638187,0.6158093577448416,0.06148677358842986,0.040603583041858536,61.193505252500245,9.791949274260688,0.15977696638786798,0.0348588781488829,0.9651411218511169,0.0361351181514097,0.5322946463877188,0.10034098970551937,0.3864414925426751,1.0004819440118402,1.4034346190432168,0.7076479076479076,0.04848484848484843,0.14949494949494943,0.11774904407786795,0.2240116463193245,0.041868896281815234,0.1821427500375092,-0.0793798845272059,0.37634408602150543,4.0,0.009523809523809525
4,1,activity_context,258.0,0.6337547224643999,0.6322290031967451,0.5849317058994479,0.6377506538796861,0.5515111886079628,0.01559242112129807,-0.0034962418017353003,281.06661547975045,12.107255626907346,0.0433724801860311,0.0091302685168552,0.9908697314831447,0.0092177013274956,0.53723635084593,0.14100779975551128,0.44310802144266104,3.7489274091242764,4.151351747429597,1.0,0.05656565656565651,0.17258297258297253,0.13127637244803114,0.19888881557738528,0.005068762420048367,0.19382005315733686,-0.08050581191999963,0.3978494623655913,4.0,0.009523809523809525
4,1,bilateral_activity,258.0,0.6337547224643999,0.6322290031967451,0.6001888985759954,0.6435629177564661,0.5667683812845103,0.016833589877798132,-0.003627766646785633,280.27287465399473,12.078316547305656,0.043278402726975564,0.009135022271841401,0.9908649777281586,0.009222062281961133,0.538294551363978,0.1439899807872954,0.4484569615809848,3.763351150719391,4.000871477779438,0.6796536796536796,0.06204906204906204,0.19509379509379507,0.14264426860896784,0.17668691177122622,0.007258036832597001,0.1694288749386292,-0.08180730214879321,0.41935483870967744,4.0,0.009523809523809525
4,1,classifier_logits,2.0,0.6337547224643999,0.6322290031967451,0.6227840743969777,0.6378959604766057,0.6035309503051439,0.06604289884368574,0.050846809986978735,1.7462610403696697,0.3331689288218816,0.2038613812896359,0.0413390667489378,0.9586609332510622,0.04328775397152713,0.6315258777485867,0.1318557038903236,0.27027183510041886,0.5931182503700256,0.8092511097590128,,,,,,,,-0.2928845137357712,0.23655913978494622,4.0,
4,1,subject_aggregation,258.0,0.6337547224643999,0.6322290031967451,0.5834059866317931,0.6386224934612031,0.5936501017146179,0.0268181792149941,0.0091163989466925,266.61583455403644,18.403400421142578,0.06958238362331982,0.014713827607914032,0.9852861723920859,0.014935601926870767,0.5493188690476595,0.11620953927437461,0.36345278624412947,3.7426324685414634,5.738131602605184,,,,,,,,-0.10044669111569719,0.3870967741935483,4.0,
4,1,wrist_encoder,64.0,0.6337547224643999,0.6322290031967451,0.5922696890438826,0.6249636733507701,0.5622638767800058,0.0217929035706977,-0.0050580967436350665,70.45240259972864,2.9814402323482363,0.0426323444387988,0.009057404748291333,0.9909425952517085,0.009143133675467067,0.537188636418069,0.1520958353496434,0.36929773841728125,2.0500323192905148,1.7923477077184622,0.6632034632034632,0.04559884559884553,0.1636363636363636,0.12291419360068213,0.2196492376121484,0.008911487344913933,0.21073775026723449,-0.10777359034452416,0.3978494623655913,4.0,0.009523809523809525
4,2,activity_context,258.0,0.7184170471841704,0.7662100456621005,0.6247336377473364,0.6866057838660579,0.6234398782343987,0.061615995770891434,0.029233517620783033,258.5656414999177,34.19696791217816,0.1323462960683722,0.029387398652338203,0.9706126013476618,0.03028267263695897,0.5673234657547517,0.12886393645255326,0.3885216675152547,2.5742958715847677,3.8911951472328443,1.0,0.0520741394527802,0.14386584289496906,0.11795379939208239,0.1775054324819081,0.0296446312484709,0.14786080123343714,-0.044904184765305395,0.39999999999999997,4.0,0.009708737864077669
4,2,bilateral_activity,258.0,0.7184170471841704,0.7662100456621005,0.6103500761035008,0.6840182648401827,0.6234398782343987,0.062059718194553935,0.028826841720041702,256.9475884258581,33.63138818878365,0.13090811238802763,0.029146981205351835,0.9708530187946481,0.030027376411138635,0.5413072153019126,0.1297325347428491,0.385337553362677,2.612174007894059,3.8599748699348058,0.697852309502795,0.06001765225066189,0.15210355987055013,0.12720825163668772,0.16126468387473317,0.032232255899046866,0.12903242797568626,-0.047394814753751964,0.39999999999999997,4.0,0.009708737864077669
4,2,classifier_logits,2.0,0.7184170471841704,0.7662100456621005,0.7014459665144597,0.7643835616438356,0.7191019786910197,0.2224249194065729,0.1660696094234784,1.2947192192077637,1.4438521067301433,1.0895780712735805,0.20504530907201446,0.7949546909279855,0.25968240288274114,0.617967890559583,0.0374628901481628,0.36556940860553033,0.36555776248375577,0.7072703043619791,,,,,,,,-0.2733985632658005,0.18888888888888888,4.0,
4,2,subject_aggregation,258.0,0.7184170471841704,0.7662100456621005,0.6668188736681887,0.7138508371385083,0.6606544901065449,0.09030232702692342,0.0615423383812109,246.29192097981772,64.7919184366862,0.2597180373121426,0.05556944639424363,0.9444305536057565,0.05919956078199184,0.6243575325214742,0.10792021701733268,0.3973347035006533,3.1288297176361084,5.553180694580078,,,,,,,,-0.04802386711041127,0.3444444444444444,4.0,
4,2,wrist_encoder,64.0,0.7184170471841704,0.7662100456621005,0.6178843226788432,0.6751902587519026,0.5976407914764079,0.07749250519193224,0.03534451596848907,67.03808891426998,10.294019881329271,0.15342051454302608,0.034972723918254935,0.9650272760817451,0.036246879673059264,0.544658589212279,0.1304627935302898,0.27115622367802045,1.361107517657001,1.8359557353998592,0.668726095910562,0.044719035010297094,0.1453368637834657,0.1140074764625762,0.2018201431808718,0.04162816906546007,0.16019197411541172,-0.08455969515763706,0.39999999999999997,4.0,0.009708737864077669
