condition,context,inner,accuracy,ba,auroc,macro_f1,pd_recall,dd_recall
F0,0,0,0.6920634920634919,0.6846846846846847,0.7013949433304272,0.6600702525240888,0.7027027027027026,0.6666666666666666
F0,0,1,0.7346278317152103,0.6818873668188736,0.6951293759512938,0.6803546984656631,0.8082191780821918,0.5555555555555555
F0,0,2,0.7516339869281046,0.7329554400881751,0.7540544796095103,0.7144660069633089,0.776255707762557,0.6896551724137931
F0,1,0,0.7111111111111111,0.6388404533565825,0.6594013368206917,0.6387331911005713,0.8153153153153153,0.4623655913978495
F0,1,1,0.7403846153846154,0.7052552552552552,0.7351351351351352,0.6960899966256623,0.7882882882882883,0.6222222222222222
F0,1,2,0.6957928802588996,0.6675799086757991,0.6834094368340944,0.6537508854806315,0.7351598173515982,0.6
F0,2,0,0.7015873015873016,0.6664487067712874,0.6925312409183378,0.6576943186540755,0.7522522522522522,0.5806451612903226
F0,2,1,0.75,0.6921921921921922,0.705105105105105,0.6901963683466379,0.8288288288288288,0.5555555555555555
F0,2,2,0.7572815533980582,0.730593607305936,0.7500761035007609,0.7149449762256187,0.7945205479452054,0.6666666666666666
F0,3,0,0.7206349206349206,0.692458587619878,0.7051729148503343,0.6788277573567373,0.7612612612612613,0.6236559139784946
F0,3,1,0.6984126984126985,0.6891891891891891,0.6977622784074397,0.6647318347628907,0.7117117117117117,0.6666666666666666
F0,3,2,0.7864077669902912,0.734779299847793,0.769406392694064,0.7381680400046715,0.8584474885844747,0.611111111111111
F0,4,0,0.765079365079365,0.7364864864864865,0.7541412380122058,0.726993399977271,0.8063063063063063,0.6666666666666666
F0,4,1,0.6952380952380953,0.6650682941005522,0.6678291194420227,0.6527512956147509,0.7387387387387387,0.5913978494623656
F0,4,2,0.7605177993527508,0.7394216133942161,0.7939117199391171,0.7232440437284913,0.7899543378995434,0.6888888888888888
F1,0,0,0.7111111111111111,0.682577739029352,0.7050276082534147,0.6705453506740652,0.7522522522522522,0.6129032258064516
F1,0,1,0.7313915857605178,0.6861491628614916,0.6964992389649924,0.6813740546877772,0.7945205479452054,0.5777777777777778
F1,0,2,0.7516339869281046,0.7225633758463235,0.7556290347976696,0.7087856115989108,0.7899543378995434,0.6551724137931034
F1,1,0,0.7142857142857143,0.644216797442604,0.6618715489683232,0.6446960101904714,0.8153153153153153,0.4731182795698925
F1,1,1,0.733974358974359,0.704054054054054,0.7306306306306306,0.6919301382378628,0.7747747747747749,0.6333333333333333
F1,1,2,0.6990291262135923,0.6731354642313546,0.6858447488584476,0.6578748860550605,0.7351598173515982,0.611111111111111
F1,2,0,0.6984126984126985,0.6641964545190352,0.6939843068875327,0.6550188615621034,0.7477477477477477,0.5806451612903226
F1,2,1,0.717948717948718,0.6927927927927927,0.7154654654654654,0.6783606227440971,0.7522522522522523,0.6333333333333333
F1,2,2,0.7508090614886731,0.719482496194825,0.7426179604261796,0.7070369986128194,0.7945205479452054,0.6444444444444445
F1,3,0,0.7365079365079366,0.6787271142109853,0.6880267364138332,0.6803389282901207,0.8198198198198199,0.5376344086021505
F1,3,1,0.7047619047619048,0.6905696018599244,0.7157802964254577,0.6684284422681884,0.7252252252252251,0.6559139784946236
F1,3,2,0.773462783171521,0.7321917808219177,0.7727549467275495,0.7282224534174953,0.8310502283105022,0.6333333333333333
F1,4,0,0.7619047619047619,0.7248619587329265,0.7606800348735833,0.7197415614466807,0.8153153153153153,0.6344086021505376
F1,4,1,0.6857142857142858,0.6395669863411799,0.6641964545190352,0.6320066791930232,0.7522522522522523,0.5268817204301075
F1,4,2,0.7702265372168284,0.7397260273972602,0.791476407914764,0.7295553717146084,0.8127853881278538,0.6666666666666666
F2,0,0,0.7111111111111111,0.6794536471955827,0.7070619006102877,0.6689971000915778,0.7567567567567567,0.6021505376344086
F2,0,1,0.7249190938511326,0.6815829528158295,0.6984779299847793,0.6755655119079546,0.7853881278538813,0.5777777777777778
F2,0,2,0.738562091503268,0.7238230199968508,0.7510628247520076,0.7025735294117648,0.7579908675799086,0.6896551724137931
F2,1,0,0.6984126984126985,0.6454519035164197,0.6720430107526881,0.6390241686121826,0.7747747747747747,0.5161290322580645
F2,1,1,0.7243589743589745,0.7072072072072072,0.7264264264264265,0.6885353800545609,0.7477477477477477,0.6666666666666666
F2,1,2,0.6957928802588996,0.6675799086757991,0.693607305936073,0.6537508854806315,0.7351598173515982,0.6
F2,2,0,0.707936507936508,0.6647050276082535,0.6913687881429817,0.659130979108156,0.7702702702702703,0.5591397849462365
F2,2,1,0.717948717948718,0.6960960960960961,0.7169669669669668,0.6796856135427722,0.7477477477477477,0.6444444444444444
F2,2,2,0.7508090614886731,0.7227549467275495,0.7550989345509893,0.7080482306109905,0.7899543378995434,0.6555555555555556
F2,3,0,0.7396825396825397,0.6841034582970066,0.681052019761697,0.6852414990519136,0.8198198198198199,0.5483870967741935
F2,3,1,0.6952380952380953,0.6838128451031676,0.6984888113920372,0.6598322676513421,0.7117117117117117,0.6559139784946236
F2,3,2,0.7864077669902912,0.734779299847793,0.7707762557077625,0.7379906027522293,0.858447488584475,0.611111111111111
F2,4,0,0.7587301587301587,0.719485614646905,0.7609706480674223,0.7150145007604491,0.8153153153153153,0.6236559139784946
F2,4,1,0.6761904761904761,0.6609270560883465,0.6631793083405987,0.6420062356263073,0.6981981981981983,0.6236559139784946
F2,4,2,0.7475728155339806,0.7401065449010654,0.776103500761035,0.7159445104047973,0.7579908675799087,0.7222222222222222
