comparison,context,inner,label,subject_count,reference_errors,candidate_errors,corrected,harmed,net_corrected
F1-F0,0,0,DD,31.0,10.333333333333334,12.0,0.0,1.6666666666666667,-1.6666666666666667
F1-F0,0,0,PD,74.0,22.0,18.333333333333332,4.0,0.3333333333333333,3.6666666666666665
F1-F0,0,1,DD,30.0,13.333333333333334,12.666666666666666,0.6666666666666666,0.0,0.6666666666666666
F1-F0,0,1,PD,73.0,14.0,15.0,0.3333333333333333,1.3333333333333333,-1.0
F1-F0,0,2,DD,29.0,9.0,10.0,0.3333333333333333,1.3333333333333333,-1.0
F1-F0,0,2,PD,73.0,16.333333333333332,15.333333333333334,2.3333333333333335,1.3333333333333333,1.0
F1-F0,1,0,DD,31.0,16.666666666666668,16.333333333333332,0.3333333333333333,0.0,0.3333333333333333
F1-F0,1,0,PD,74.0,13.666666666666666,13.666666666666666,0.3333333333333333,0.3333333333333333,0.0
F1-F0,1,1,DD,30.0,11.333333333333334,11.0,0.6666666666666666,0.3333333333333333,0.3333333333333333
F1-F0,1,1,PD,74.0,15.666666666666666,16.666666666666668,0.0,1.0,-1.0
F1-F0,1,2,DD,30.0,12.0,11.666666666666666,0.3333333333333333,0.0,0.3333333333333333
F1-F0,1,2,PD,73.0,19.333333333333332,19.333333333333332,0.0,0.0,0.0
F1-F0,2,0,DD,31.0,13.0,13.0,0.0,0.0,0.0
F1-F0,2,0,PD,74.0,18.333333333333332,18.666666666666668,0.6666666666666666,1.0,-0.3333333333333333
F1-F0,2,1,DD,30.0,13.333333333333334,11.0,2.6666666666666665,0.3333333333333333,2.3333333333333335
F1-F0,2,1,PD,74.0,12.666666666666666,18.333333333333332,1.0,6.666666666666667,-5.666666666666667
F1-F0,2,2,DD,30.0,10.0,10.666666666666666,0.0,0.6666666666666666,-0.6666666666666666
F1-F0,2,2,PD,73.0,15.0,15.0,2.6666666666666665,2.6666666666666665,0.0
F1-F0,3,0,DD,31.0,11.666666666666666,14.333333333333334,1.3333333333333333,4.0,-2.6666666666666665
F1-F0,3,0,PD,74.0,17.666666666666668,13.333333333333334,8.0,3.6666666666666665,4.333333333333333
F1-F0,3,1,DD,31.0,10.333333333333334,10.666666666666666,1.0,1.3333333333333333,-0.3333333333333333
F1-F0,3,1,PD,74.0,21.333333333333332,20.333333333333332,2.0,1.0,1.0
F1-F0,3,2,DD,30.0,11.666666666666666,11.0,0.6666666666666666,0.0,0.6666666666666666
F1-F0,3,2,PD,73.0,10.333333333333334,12.333333333333334,0.0,2.0,-2.0
F1-F0,4,0,DD,31.0,10.333333333333334,11.333333333333334,0.0,1.0,-1.0
F1-F0,4,0,PD,74.0,14.333333333333334,13.666666666666666,1.0,0.3333333333333333,0.6666666666666666
F1-F0,4,1,DD,31.0,12.666666666666666,14.666666666666666,1.0,3.0,-2.0
F1-F0,4,1,PD,74.0,19.333333333333332,18.333333333333332,4.333333333333333,3.3333333333333335,1.0
F1-F0,4,2,DD,30.0,9.333333333333334,10.0,1.0,1.6666666666666667,-0.6666666666666666
F1-F0,4,2,PD,73.0,15.333333333333334,13.666666666666666,2.6666666666666665,1.0,1.6666666666666667
F2-F0,0,0,DD,31.0,10.333333333333334,12.333333333333334,0.0,2.0,-2.0
F2-F0,0,0,PD,74.0,22.0,18.0,4.666666666666667,0.6666666666666666,4.0
F2-F0,0,1,DD,30.0,13.333333333333334,12.666666666666666,0.6666666666666666,0.0,0.6666666666666666
F2-F0,0,1,PD,73.0,14.0,15.666666666666666,0.3333333333333333,2.0,-1.6666666666666667
F2-F0,0,2,DD,29.0,9.0,9.0,0.0,0.0,0.0
F2-F0,0,2,PD,73.0,16.333333333333332,17.666666666666668,0.3333333333333333,1.6666666666666667,-1.3333333333333333
F2-F0,1,0,DD,31.0,16.666666666666668,15.0,2.0,0.3333333333333333,1.6666666666666667
F2-F0,1,0,PD,74.0,13.666666666666666,16.666666666666668,0.6666666666666666,3.6666666666666665,-3.0
F2-F0,1,1,DD,30.0,11.333333333333334,10.0,2.0,0.6666666666666666,1.3333333333333333
F2-F0,1,1,PD,74.0,15.666666666666666,18.666666666666668,1.0,4.0,-3.0
F2-F0,1,2,DD,30.0,12.0,12.0,0.0,0.0,0.0
F2-F0,1,2,PD,73.0,19.333333333333332,19.333333333333332,0.3333333333333333,0.3333333333333333,0.0
F2-F0,2,0,DD,31.0,13.0,13.666666666666666,0.3333333333333333,1.0,-0.6666666666666666
F2-F0,2,0,PD,74.0,18.333333333333332,17.0,2.6666666666666665,1.3333333333333333,1.3333333333333333
F2-F0,2,1,DD,30.0,13.333333333333334,10.666666666666666,3.0,0.3333333333333333,2.6666666666666665
F2-F0,2,1,PD,74.0,12.666666666666666,18.666666666666668,1.0,7.0,-6.0
F2-F0,2,2,DD,30.0,10.0,10.333333333333334,0.0,0.3333333333333333,-0.3333333333333333
F2-F0,2,2,PD,73.0,15.0,15.333333333333334,0.6666666666666666,1.0,-0.3333333333333333
F2-F0,3,0,DD,31.0,11.666666666666666,14.0,1.3333333333333333,3.6666666666666665,-2.3333333333333335
F2-F0,3,0,PD,74.0,17.666666666666668,13.333333333333334,7.666666666666667,3.3333333333333335,4.333333333333333
F2-F0,3,1,DD,31.0,10.333333333333334,10.666666666666666,0.0,0.3333333333333333,-0.3333333333333333
F2-F0,3,1,PD,74.0,21.333333333333332,21.333333333333332,0.0,0.0,0.0
F2-F0,3,2,DD,30.0,11.666666666666666,11.666666666666666,0.0,0.0,0.0
F2-F0,3,2,PD,73.0,10.333333333333334,10.333333333333334,0.3333333333333333,0.3333333333333333,0.0
F2-F0,4,0,DD,31.0,10.333333333333334,11.666666666666666,0.0,1.3333333333333333,-1.3333333333333333
F2-F0,4,0,PD,74.0,14.333333333333334,13.666666666666666,1.0,0.3333333333333333,0.6666666666666666
F2-F0,4,1,DD,31.0,12.666666666666666,11.666666666666666,1.3333333333333333,0.3333333333333333,1.0
F2-F0,4,1,PD,74.0,19.333333333333332,22.333333333333332,1.0,4.0,-3.0
F2-F0,4,2,DD,30.0,9.333333333333334,8.333333333333334,1.6666666666666667,0.6666666666666666,1.0
F2-F0,4,2,PD,73.0,15.333333333333334,17.666666666666668,2.3333333333333335,4.666666666666667,-2.3333333333333335
F2-F1,0,0,DD,31.0,12.0,12.333333333333334,0.0,0.3333333333333333,-0.3333333333333333
F2-F1,0,0,PD,74.0,18.333333333333332,18.0,0.6666666666666666,0.3333333333333333,0.3333333333333333
F2-F1,0,1,DD,30.0,12.666666666666666,12.666666666666666,0.0,0.0,0.0
F2-F1,0,1,PD,73.0,15.0,15.666666666666666,0.3333333333333333,1.0,-0.6666666666666666
F2-F1,0,2,DD,29.0,10.0,9.0,1.3333333333333333,0.3333333333333333,1.0
F2-F1,0,2,PD,73.0,15.333333333333334,17.666666666666668,0.0,2.3333333333333335,-2.3333333333333335
F2-F1,1,0,DD,31.0,16.333333333333332,15.0,2.0,0.6666666666666666,1.3333333333333333
F2-F1,1,0,PD,74.0,13.666666666666666,16.666666666666668,1.0,4.0,-3.0
F2-F1,1,1,DD,30.0,11.0,10.0,2.3333333333333335,1.3333333333333333,1.0
F2-F1,1,1,PD,74.0,16.666666666666668,18.666666666666668,1.3333333333333333,3.3333333333333335,-2.0
F2-F1,1,2,DD,30.0,11.666666666666666,12.0,0.0,0.3333333333333333,-0.3333333333333333
F2-F1,1,2,PD,73.0,19.333333333333332,19.333333333333332,0.3333333333333333,0.3333333333333333,0.0
F2-F1,2,0,DD,31.0,13.0,13.666666666666666,0.3333333333333333,1.0,-0.6666666666666666
F2-F1,2,0,PD,74.0,18.666666666666668,17.0,2.6666666666666665,1.0,1.6666666666666667
F2-F1,2,1,DD,30.0,11.0,10.666666666666666,0.3333333333333333,0.0,0.3333333333333333
F2-F1,2,1,PD,74.0,18.333333333333332,18.666666666666668,0.0,0.3333333333333333,-0.3333333333333333
F2-F1,2,2,DD,30.0,10.666666666666666,10.333333333333334,0.6666666666666666,0.3333333333333333,0.3333333333333333
F2-F1,2,2,PD,73.0,15.0,15.333333333333334,2.6666666666666665,3.0,-0.3333333333333333
F2-F1,3,0,DD,31.0,14.333333333333334,14.0,0.6666666666666666,0.3333333333333333,0.3333333333333333
F2-F1,3,0,PD,74.0,13.333333333333334,13.333333333333334,1.0,1.0,0.0
F2-F1,3,1,DD,31.0,10.666666666666666,10.666666666666666,1.0,1.0,0.0
F2-F1,3,1,PD,74.0,20.333333333333332,21.333333333333332,1.0,2.0,-1.0
F2-F1,3,2,DD,30.0,11.0,11.666666666666666,0.0,0.6666666666666666,-0.6666666666666666
F2-F1,3,2,PD,73.0,12.333333333333334,10.333333333333334,2.0,0.0,2.0
F2-F1,4,0,DD,31.0,11.333333333333334,11.666666666666666,0.0,0.3333333333333333,-0.3333333333333333
F2-F1,4,0,PD,74.0,13.666666666666666,13.666666666666666,0.0,0.0,0.0
F2-F1,4,1,DD,31.0,14.666666666666666,11.666666666666666,3.3333333333333335,0.3333333333333333,3.0
F2-F1,4,1,PD,74.0,18.333333333333332,22.333333333333332,1.3333333333333333,5.333333333333333,-4.0
F2-F1,4,2,DD,30.0,10.0,8.333333333333334,2.0,0.3333333333333333,1.6666666666666667
F2-F1,4,2,PD,73.0,13.666666666666666,17.666666666666668,1.0,5.0,-4.0
