seed,context,inner,subject_count,max_probability_difference,normalization_exact,prior_model_state_exact,best_epoch,accuracy,ba,auroc,macro_f1,pd_recall,dd_recall
42,0,0,105,1.1102230246251565e-16,True,True,11,0.6285714285714286,0.6708805579773321,0.6782911944202267,0.6173254835996635,0.5675675675675675,0.7741935483870968
43,0,0,105,1.1102230246251565e-16,True,True,11,0.7333333333333333,0.7170880557977333,0.7306015693112468,0.7000000000000001,0.7567567567567568,0.6774193548387096
44,0,0,105,1.1102230246251565e-16,True,True,12,0.7142857142857143,0.6660854402789886,0.6952920662598082,0.6628852739726028,0.7837837837837838,0.5483870967741935
42,0,1,103,1.1102230246251565e-16,True,True,22,0.7766990291262136,0.7050228310502282,0.7251141552511415,0.71475015051174,0.8767123287671232,0.5333333333333333
43,0,1,103,1.1102230246251565e-16,True,True,12,0.7087378640776699,0.6865296803652967,0.6926940639269407,0.6707161125319693,0.7397260273972602,0.6333333333333333
44,0,1,103,1.1102230246251565e-16,True,True,11,0.7184466019417476,0.654109589041096,0.6675799086757991,0.6555978323532803,0.8082191780821918,0.5
42,0,2,102,1.1102230246251565e-16,True,True,14,0.7549019607843137,0.7560226735947095,0.7888521492678319,0.7262479871175522,0.7534246575342466,0.7586206896551724
43,0,2,102,8.326672684688674e-17,True,True,9,0.7745098039215687,0.7489371752479925,0.7727916863486065,0.7359000337723742,0.8082191780821918,0.6896551724137931
44,0,2,102,5.551115123125783e-17,True,True,7,0.7254901960784313,0.6939064714218233,0.7005196032120926,0.68125,0.7671232876712328,0.6206896551724138
42,1,0,105,1.1102230246251565e-16,True,True,9,0.7428571428571429,0.6488666085440279,0.6290322580645161,0.6592957577214277,0.8783783783783784,0.41935483870967744
43,1,0,105,1.1102230246251565e-16,True,True,12,0.6571428571428571,0.6442894507410637,0.6813426329555362,0.6244038155802861,0.6756756756756757,0.6129032258064516
44,1,0,105,1.1102230246251565e-16,True,True,19,0.7333333333333333,0.6233653007846556,0.6678291194420227,0.6325000000000001,0.8918918918918919,0.3548387096774194
42,1,1,104,1.1102230246251565e-16,True,True,9,0.7980769230769231,0.7193693693693693,0.7716216216216216,0.7341448569689593,0.9054054054054054,0.5333333333333333
43,1,1,104,1.1102230246251565e-16,True,True,11,0.6730769230769231,0.681081081081081,0.7022522522522523,0.6475279106858054,0.6621621621621622,0.7
44,1,1,104,1.1102230246251565e-16,True,True,16,0.75,0.7153153153153153,0.7315315315315315,0.7065972222222222,0.7972972972972973,0.6333333333333333
42,1,2,103,1.1102230246251565e-16,True,True,12,0.7281553398058253,0.6904109589041096,0.7027397260273973,0.6826584507042253,0.7808219178082192,0.6
43,1,2,103,1.1102230246251565e-16,True,True,9,0.6504854368932039,0.6552511415525114,0.7045662100456621,0.6246963562753036,0.6438356164383562,0.6666666666666666
44,1,2,103,1.1102230246251565e-16,True,True,13,0.7087378640776699,0.6570776255707762,0.6429223744292237,0.6538978494623656,0.7808219178082192,0.5333333333333333
42,2,0,105,1.1102230246251565e-16,True,True,31,0.7428571428571429,0.6863557105492589,0.7122929380993898,0.6880844977445264,0.8243243243243243,0.5483870967741935
43,2,0,105,1.1102230246251565e-16,True,True,14,0.6571428571428571,0.6349171752397559,0.6861377506538797,0.6195652173913044,0.6891891891891891,0.5806451612903226
44,2,0,105,5.551115123125783e-17,True,True,7,0.7047619047619048,0.6780732345248475,0.6791630340017437,0.6654332408263954,0.7432432432432432,0.6129032258064516
42,2,1,104,1.1102230246251565e-16,True,True,21,0.7596153846153846,0.6527027027027027,0.6653153153153153,0.6662816069824156,0.9054054054054054,0.4
43,2,1,104,1.1102230246251565e-16,True,True,19,0.7596153846153846,0.7319819819819819,0.7626126126126126,0.7202797202797202,0.7972972972972973,0.6666666666666666
44,2,1,104,5.551115123125783e-17,True,True,6,0.7307692307692307,0.6918918918918919,0.6873873873873874,0.6840277777777777,0.7837837837837838,0.6
42,2,2,103,1.1102230246251565e-16,True,True,15,0.7669902912621359,0.7276255707762557,0.7552511415525114,0.7231182795698925,0.821917808219178,0.6333333333333333
43,2,2,103,1.1102230246251565e-16,True,True,12,0.7475728155339806,0.7826484018264841,0.8036529680365296,0.7317708333333334,0.6986301369863014,0.8666666666666667
44,2,2,103,5.551115123125783e-17,True,True,6,0.7572815533980582,0.6815068493150684,0.691324200913242,0.6899458157736302,0.863013698630137,0.5
42,3,0,105,1.1102230246251565e-16,True,True,19,0.7523809523809524,0.6743679163034002,0.7035745422842197,0.6834415584415585,0.8648648648648649,0.4838709677419355
43,3,0,105,1.1102230246251565e-16,True,True,16,0.7142857142857143,0.7035745422842197,0.6857018308631212,0.6829710144927537,0.7297297297297297,0.6774193548387096
44,3,0,105,1.1102230246251565e-16,True,True,18,0.6952380952380952,0.699433304272014,0.7262423714036618,0.6700706991358995,0.6891891891891891,0.7096774193548387
42,3,1,105,8.326672684688674e-17,True,True,7,0.6761904761904762,0.7140366172624237,0.7266782911944202,0.6626984126984128,0.6216216216216216,0.8064516129032258
43,3,1,105,8.326672684688674e-17,True,True,8,0.7047619047619048,0.6499564080209241,0.6556233653007847,0.6485260770975056,0.7837837837837838,0.5161290322580645
44,3,1,105,9.71445146547012e-17,True,True,8,0.7142857142857143,0.7035745422842197,0.7109851787271142,0.6829710144927537,0.7297297297297297,0.6774193548387096
42,3,2,103,1.1102230246251565e-16,True,True,28,0.8349514563106796,0.7853881278538812,0.8050228310502283,0.7938302131166843,0.9041095890410958,0.6666666666666666
43,3,2,103,8.326672684688674e-17,True,True,8,0.7378640776699029,0.6776255707762557,0.719634703196347,0.6793497059840885,0.821917808219178,0.5333333333333333
44,3,2,103,1.1102230246251565e-16,True,True,11,0.7864077669902912,0.7413242009132419,0.7835616438356164,0.7413242009132419,0.8493150684931506,0.6333333333333333
42,4,0,105,1.1102230246251565e-16,True,True,19,0.7714285714285715,0.7628596338273758,0.7493461203138623,0.7428571428571429,0.7837837837837838,0.7419354838709677
43,4,0,105,1.1102230246251565e-16,True,True,12,0.7523809523809524,0.7212292938099389,0.7441150828247602,0.7127525252525252,0.7972972972972973,0.6451612903225806
44,4,0,105,8.326672684688674e-17,True,True,9,0.7714285714285715,0.7253705318221447,0.7689625108979947,0.7253705318221447,0.8378378378378378,0.6129032258064516
42,4,1,105,1.1102230246251565e-16,True,True,26,0.7238095238095238,0.6728421970357454,0.6970357454228422,0.6712018140589568,0.7972972972972973,0.5483870967741935
43,4,1,105,1.1102230246251565e-16,True,True,15,0.7047619047619048,0.7061900610287708,0.6765475152571927,0.6785185185185185,0.7027027027027027,0.7096774193548387
44,4,1,105,1.1102230246251565e-16,True,True,9,0.6571428571428571,0.6161726242371404,0.6299040976460332,0.6085335542667771,0.7162162162162162,0.5161290322580645
42,4,2,103,1.1102230246251565e-16,True,True,21,0.7281553398058253,0.7591324200913242,0.8045662100456621,0.7111378205128205,0.684931506849315,0.8333333333333334
43,4,2,103,1.1102230246251565e-16,True,True,10,0.7572815533980582,0.730593607305936,0.7949771689497717,0.7190398254228041,0.7945205479452054,0.6666666666666666
44,4,2,103,1.1102230246251565e-16,True,True,13,0.7961165048543689,0.7285388127853881,0.7821917808219178,0.7395544852498495,0.8904109589041096,0.5666666666666667
