diagnosis,subtype,activity_group,sensor,n,flag_count,flag_rate
DD,Atypical Parkinsonism,other,Acc,630,31,0.049206349206349205
DD,Atypical Parkinsonism,other,Gyro,630,65,0.10317460317460317
DD,Atypical Parkinsonism,tremor_related,Acc,360,15,0.041666666666666664
DD,Atypical Parkinsonism,tremor_related,Gyro,360,20,0.05555555555555555
DD,Essential Tremor,other,Acc,1176,102,0.08673469387755102
DD,Essential Tremor,other,Gyro,1176,126,0.10714285714285714
DD,Essential Tremor,tremor_related,Acc,672,16,0.023809523809523808
DD,Essential Tremor,tremor_related,Gyro,672,25,0.03720238095238095
DD,Multiple Sclerosis,other,Acc,462,47,0.10173160173160173
DD,Multiple Sclerosis,other,Gyro,462,84,0.18181818181818182
DD,Multiple Sclerosis,tremor_related,Acc,264,17,0.06439393939393939
DD,Multiple Sclerosis,tremor_related,Gyro,264,21,0.07954545454545454
DD,Other Movement Disorders,other,Acc,2520,283,0.1123015873015873
DD,Other Movement Disorders,other,Gyro,2520,491,0.19484126984126984
DD,Other Movement Disorders,tremor_related,Acc,1440,63,0.04375
DD,Other Movement Disorders,tremor_related,Gyro,1440,113,0.07847222222222222
PD,Parkinson's,other,Acc,11592,1289,0.11119737750172533
PD,Parkinson's,other,Gyro,11592,2263,0.19522084195997239
PD,Parkinson's,tremor_related,Acc,6624,276,0.041666666666666664
PD,Parkinson's,tremor_related,Gyro,6624,407,0.06144323671497585
