outer,inner,seed,any_stable_error,category,size
0,0,42,False,both_correct,1030
0,0,42,False,both_wrong,70
0,0,42,False,h1_rescue,95
0,0,42,False,str_rescue,97
0,0,42,True,both_correct,338
0,0,42,True,both_wrong,312
0,0,42,True,h1_rescue,261
0,0,42,True,str_rescue,91
0,0,43,False,both_correct,1044
0,0,43,False,both_wrong,44
0,0,43,False,h1_rescue,81
0,0,43,False,str_rescue,123
0,0,43,True,both_correct,376
0,0,43,True,both_wrong,270
0,0,43,True,h1_rescue,223
0,0,43,True,str_rescue,133
0,0,44,False,both_correct,1052
0,0,44,False,both_wrong,48
0,0,44,False,h1_rescue,73
0,0,44,False,str_rescue,119
0,0,44,True,both_correct,303
0,0,44,True,both_wrong,282
0,0,44,True,h1_rescue,296
0,0,44,True,str_rescue,121
0,1,42,False,both_correct,951
0,1,42,False,both_wrong,19
0,1,42,False,h1_rescue,121
0,1,42,False,str_rescue,149
0,1,42,True,both_correct,331
0,1,42,True,both_wrong,239
0,1,42,True,h1_rescue,223
0,1,42,True,str_rescue,157
0,1,43,False,both_correct,837
0,1,43,False,both_wrong,40
0,1,43,False,h1_rescue,235
0,1,43,False,str_rescue,128
0,1,43,True,both_correct,378
0,1,43,True,both_wrong,222
0,1,43,True,h1_rescue,176
0,1,43,True,str_rescue,174
0,1,44,False,both_correct,919
0,1,44,False,both_wrong,64
0,1,44,False,h1_rescue,153
0,1,44,False,str_rescue,104
0,1,44,True,both_correct,308
0,1,44,True,both_wrong,265
0,1,44,True,h1_rescue,246
0,1,44,True,str_rescue,131
0,2,42,False,both_correct,995
0,2,42,False,both_wrong,19
0,2,42,False,h1_rescue,27
0,2,42,False,str_rescue,81
0,2,42,True,both_correct,392
0,2,42,True,both_wrong,205
0,2,42,True,h1_rescue,196
0,2,42,True,str_rescue,202
0,2,43,False,both_correct,945
0,2,43,False,both_wrong,17
0,2,43,False,h1_rescue,77
0,2,43,False,str_rescue,83
0,2,43,True,both_correct,426
0,2,43,True,both_wrong,225
0,2,43,True,h1_rescue,162
0,2,43,True,str_rescue,182
0,2,44,False,both_correct,922
0,2,44,False,both_wrong,8
0,2,44,False,h1_rescue,100
0,2,44,False,str_rescue,92
0,2,44,True,both_correct,344
0,2,44,True,both_wrong,282
0,2,44,True,h1_rescue,244
0,2,44,True,str_rescue,125
1,0,42,False,both_correct,909
1,0,42,False,both_wrong,63
1,0,42,False,h1_rescue,106
1,0,42,False,str_rescue,112
1,0,42,True,both_correct,301
1,0,42,True,both_wrong,364
1,0,42,True,h1_rescue,318
1,0,42,True,str_rescue,121
1,0,43,False,both_correct,864
1,0,43,False,both_wrong,88
1,0,43,False,h1_rescue,151
1,0,43,False,str_rescue,87
1,0,43,True,both_correct,435
1,0,43,True,both_wrong,308
1,0,43,True,h1_rescue,184
1,0,43,True,str_rescue,177
1,0,44,False,both_correct,901
1,0,44,False,both_wrong,54
1,0,44,False,h1_rescue,114
1,0,44,False,str_rescue,121
1,0,44,True,both_correct,323
1,0,44,True,both_wrong,298
1,0,44,True,h1_rescue,296
1,0,44,True,str_rescue,187
1,1,42,False,both_correct,1117
1,1,42,False,both_wrong,7
1,1,42,False,h1_rescue,26
1,1,42,False,str_rescue,85
1,1,42,True,both_correct,409
1,1,42,True,both_wrong,249
1,1,42,True,h1_rescue,223
1,1,42,True,str_rescue,98
1,1,42,True,tie,6
1,1,43,False,both_correct,921
1,1,43,False,both_wrong,49
1,1,43,False,h1_rescue,222
1,1,43,False,str_rescue,43
1,1,43,True,both_correct,418
1,1,43,True,both_wrong,176
1,1,43,True,h1_rescue,214
1,1,43,True,str_rescue,171
1,1,43,True,tie,6
1,1,44,False,both_correct,1030
1,1,44,False,both_wrong,16
1,1,44,False,h1_rescue,113
1,1,44,False,str_rescue,76
1,1,44,True,both_correct,378
1,1,44,True,both_wrong,211
1,1,44,True,h1_rescue,254
1,1,44,True,str_rescue,136
1,1,44,True,tie,6
1,2,42,False,both_correct,986
1,2,42,False,both_wrong,8
1,2,42,False,h1_rescue,72
1,2,42,False,str_rescue,68
1,2,42,True,both_correct,298
1,2,42,True,both_wrong,275
1,2,42,True,h1_rescue,296
1,2,42,True,str_rescue,187
1,2,43,False,both_correct,857
1,2,43,False,both_wrong,38
1,2,43,False,h1_rescue,201
1,2,43,False,str_rescue,38
1,2,43,True,both_correct,394
1,2,43,True,both_wrong,208
1,2,43,True,h1_rescue,200
1,2,43,True,str_rescue,254
1,2,44,False,both_correct,954
1,2,44,False,both_wrong,19
1,2,44,False,h1_rescue,104
1,2,44,False,str_rescue,57
1,2,44,True,both_correct,273
1,2,44,True,both_wrong,338
1,2,44,True,h1_rescue,321
1,2,44,True,str_rescue,124
2,0,42,False,both_correct,1017
2,0,42,False,both_wrong,33
2,0,42,False,h1_rescue,46
2,0,42,False,str_rescue,139
2,0,42,True,both_correct,310
2,0,42,True,both_wrong,360
2,0,42,True,h1_rescue,221
2,0,42,True,str_rescue,168
2,0,43,False,both_correct,936
2,0,43,False,both_wrong,70
2,0,43,False,h1_rescue,127
2,0,43,False,str_rescue,102
2,0,43,True,both_correct,338
2,0,43,True,both_wrong,330
2,0,43,True,h1_rescue,193
2,0,43,True,str_rescue,198
2,0,44,False,both_correct,1019
2,0,44,False,both_wrong,45
2,0,44,False,h1_rescue,44
2,0,44,False,str_rescue,127
2,0,44,True,both_correct,316
2,0,44,True,both_wrong,432
2,0,44,True,h1_rescue,215
2,0,44,True,str_rescue,96
2,1,42,False,both_correct,865
2,1,42,False,both_wrong,19
2,1,42,False,h1_rescue,36
2,1,42,False,str_rescue,100
2,1,42,False,tie,4
2,1,42,True,both_correct,312
2,1,42,True,both_wrong,355
2,1,42,True,h1_rescue,331
2,1,42,True,str_rescue,194
2,1,42,True,tie,4
2,1,43,False,both_correct,870
2,1,43,False,h1_rescue,31
2,1,43,False,str_rescue,119
2,1,43,False,tie,4
2,1,43,True,both_correct,421
2,1,43,True,both_wrong,273
2,1,43,True,h1_rescue,222
2,1,43,True,str_rescue,276
2,1,43,True,tie,4
2,1,44,False,both_correct,882
2,1,44,False,both_wrong,29
2,1,44,False,h1_rescue,19
2,1,44,False,str_rescue,90
2,1,44,False,tie,4
2,1,44,True,both_correct,383
2,1,44,True,both_wrong,386
2,1,44,True,h1_rescue,260
2,1,44,True,str_rescue,163
2,1,44,True,tie,4
2,2,42,False,both_correct,1070
2,2,42,False,both_wrong,45
2,2,42,False,h1_rescue,99
2,2,42,False,str_rescue,151
2,2,42,True,both_correct,275
2,2,42,True,both_wrong,278
2,2,42,True,h1_rescue,114
2,2,42,True,str_rescue,158
2,2,43,False,both_correct,1089
2,2,43,False,both_wrong,41
2,2,43,False,h1_rescue,80
2,2,43,False,str_rescue,155
2,2,43,True,both_correct,295
2,2,43,True,both_wrong,215
2,2,43,True,h1_rescue,94
2,2,43,True,str_rescue,221
2,2,44,False,both_correct,1087
2,2,44,False,both_wrong,73
2,2,44,False,h1_rescue,82
2,2,44,False,str_rescue,123
2,2,44,True,both_correct,198
2,2,44,True,both_wrong,330
2,2,44,True,h1_rescue,191
2,2,44,True,str_rescue,106
3,0,42,False,both_correct,1101
3,0,42,False,both_wrong,33
3,0,42,False,h1_rescue,120
3,0,42,False,str_rescue,66
3,0,42,True,both_correct,320
3,0,42,True,both_wrong,229
3,0,42,True,h1_rescue,298
3,0,42,True,str_rescue,127
3,0,43,False,both_correct,1070
3,0,43,False,both_wrong,20
3,0,43,False,h1_rescue,151
3,0,43,False,str_rescue,79
3,0,43,True,both_correct,288
3,0,43,True,both_wrong,220
3,0,43,True,h1_rescue,330
3,0,43,True,str_rescue,136
3,0,44,False,both_correct,1117
3,0,44,False,both_wrong,28
3,0,44,False,h1_rescue,104
3,0,44,False,str_rescue,71
3,0,44,True,both_correct,335
3,0,44,True,both_wrong,213
3,0,44,True,h1_rescue,283
3,0,44,True,str_rescue,143
3,1,42,False,both_correct,1016
3,1,42,False,both_wrong,9
3,1,42,False,h1_rescue,35
3,1,42,False,str_rescue,80
3,1,42,True,both_correct,407
3,1,42,True,both_wrong,324
3,1,42,True,h1_rescue,259
3,1,42,True,str_rescue,162
3,1,42,True,tie,2
3,1,43,False,both_correct,932
3,1,43,False,both_wrong,60
3,1,43,False,h1_rescue,119
3,1,43,False,str_rescue,29
3,1,43,True,both_correct,416
3,1,43,True,both_wrong,361
3,1,43,True,h1_rescue,250
3,1,43,True,str_rescue,125
3,1,43,True,tie,2
3,1,44,False,both_correct,986
3,1,44,False,both_wrong,7
3,1,44,False,h1_rescue,65
3,1,44,False,str_rescue,82
3,1,44,True,both_correct,371
3,1,44,True,both_wrong,296
3,1,44,True,h1_rescue,295
3,1,44,True,str_rescue,190
3,1,44,True,tie,2
3,2,42,False,both_correct,1112
3,2,42,False,both_wrong,10
3,2,42,False,h1_rescue,75
3,2,42,False,str_rescue,162
3,2,42,False,tie,1
3,2,42,True,both_correct,359
3,2,42,True,both_wrong,133
3,2,42,True,h1_rescue,209
3,2,42,True,str_rescue,129
3,2,43,False,both_correct,1096
3,2,43,False,both_wrong,55
3,2,43,False,h1_rescue,91
3,2,43,False,str_rescue,117
3,2,43,False,tie,1
3,2,43,True,both_correct,281
3,2,43,True,both_wrong,181
3,2,43,True,h1_rescue,287
3,2,43,True,str_rescue,81
3,2,44,False,both_correct,1126
3,2,44,False,both_wrong,17
3,2,44,False,h1_rescue,61
3,2,44,False,str_rescue,155
3,2,44,False,tie,1
3,2,44,True,both_correct,331
3,2,44,True,both_wrong,159
3,2,44,True,h1_rescue,237
3,2,44,True,str_rescue,103
4,0,42,False,both_correct,1177
4,0,42,False,both_wrong,18
4,0,42,False,h1_rescue,62
4,0,42,False,str_rescue,83
4,0,42,True,both_correct,377
4,0,42,True,both_wrong,252
4,0,42,True,h1_rescue,243
4,0,42,True,str_rescue,82
4,0,43,False,both_correct,1155
4,0,43,False,both_wrong,26
4,0,43,False,h1_rescue,84
4,0,43,False,str_rescue,75
4,0,43,True,both_correct,369
4,0,43,True,both_wrong,226
4,0,43,True,h1_rescue,251
4,0,43,True,str_rescue,108
4,0,44,False,both_correct,1182
4,0,44,False,both_wrong,22
4,0,44,False,h1_rescue,57
4,0,44,False,str_rescue,79
4,0,44,True,both_correct,394
4,0,44,True,both_wrong,225
4,0,44,True,h1_rescue,226
4,0,44,True,str_rescue,109
4,1,42,False,both_correct,1050
4,1,42,False,both_wrong,55
4,1,42,False,h1_rescue,44
4,1,42,False,str_rescue,84
4,1,42,False,tie,2
4,1,42,True,both_correct,239
4,1,42,True,both_wrong,399
4,1,42,True,h1_rescue,197
4,1,42,True,str_rescue,220
4,1,42,True,tie,4
4,1,43,False,both_correct,962
4,1,43,False,both_wrong,50
4,1,43,False,h1_rescue,132
4,1,43,False,str_rescue,89
4,1,43,False,tie,2
4,1,43,True,both_correct,279
4,1,43,True,both_wrong,401
4,1,43,True,h1_rescue,157
4,1,43,True,str_rescue,218
4,1,43,True,tie,4
4,1,44,False,both_correct,949
4,1,44,False,both_wrong,50
4,1,44,False,h1_rescue,145
4,1,44,False,str_rescue,89
4,1,44,False,tie,2
4,1,44,True,both_correct,211
4,1,44,True,both_wrong,426
4,1,44,True,h1_rescue,225
4,1,44,True,str_rescue,193
4,1,44,True,tie,4
4,2,42,False,both_correct,1092
4,2,42,False,both_wrong,21
4,2,42,False,h1_rescue,94
4,2,42,False,str_rescue,113
4,2,42,True,both_correct,450
4,2,42,True,both_wrong,161
4,2,42,True,h1_rescue,152
4,2,42,True,str_rescue,107
4,2,43,False,both_correct,1098
4,2,43,False,both_wrong,71
4,2,43,False,h1_rescue,88
4,2,43,False,str_rescue,63
4,2,43,True,both_correct,454
4,2,43,True,both_wrong,142
4,2,43,True,h1_rescue,148
4,2,43,True,str_rescue,126
4,2,44,False,both_correct,1110
4,2,44,False,both_wrong,11
4,2,44,False,h1_rescue,76
4,2,44,False,str_rescue,123
4,2,44,True,both_correct,363
4,2,44,True,both_wrong,151
4,2,44,True,h1_rescue,239
4,2,44,True,str_rescue,117
