metric,comparison,error_mean,other_mean,delta,cliffs_delta,p,q
str_error_fraction,stable_error_vs_stable_correct,0.5614561396891016,0.1951229964219293,0.36633314326717226,0.9606014465169395,4.056081513028288e-37,4.0560815130282875e-36
str_error_fraction,stable_error_vs_unstable,0.5614561396891016,0.4138057991860542,0.14765034050304737,0.5211148648648649,2.2085963344124083e-05,5.5214908360310205e-05
h1_error_fraction,stable_error_vs_stable_correct,0.4734248768325825,0.17739521384719475,0.29602966298538774,0.726827179291968,5.888712882925656e-22,2.944356441462828e-21
h1_error_fraction,stable_error_vs_unstable,0.4734248768325825,0.36038075769025035,0.11304411914233214,0.2956081081081081,0.016162401042312903,0.02308914434616129
h1_rescue_fraction,stable_error_vs_stable_correct,0.2254335070112834,0.11921238273574655,0.10622112427553684,0.5423486867148839,6.637944561474809e-13,2.2126481871582694e-12
h1_rescue_fraction,stable_error_vs_unstable,0.2254335070112834,0.19879112714642963,0.026642379864853766,0.12922297297297303,0.2939484309049335,0.36743553863116685
str_rescue_fraction,stable_error_vs_stable_correct,0.136882773070777,0.10139530094475932,0.03548747212601769,0.2642272554244385,0.0004635217076562405,0.000927043415312481
str_rescue_fraction,stable_error_vs_unstable,0.136882773070777,0.14463383878682645,-0.007751065716049443,0.014358108108108114,0.9095935528195438,0.9095935528195438
net_h1_rescue_fraction,stable_error_vs_stable_correct,0.08855073394050635,0.017817081790987233,0.07073365214951911,0.23639132089836323,0.0017357366562025453,0.0028928944270042423
net_h1_rescue_fraction,stable_error_vs_unstable,0.08855073394050635,0.05415728835960314,0.03439344558090321,0.06756756756756754,0.5843028500866256,0.6492253889851396
