variant,outer,inner,accuracy,ba,auroc,macro_f1,pd_recall,dd_recall
adapter,0,0,0.7174603174603175,0.6745858761987794,0.7173786689915723,0.6691330891330892,0.7792792792792792,0.5698924731182796
adapter,0,1,0.7087378640776699,0.6930745814307459,0.7260273972602741,0.6734068682288751,0.730593607305936,0.6555555555555556
adapter,0,2,0.7908496732026143,0.7568886789481971,0.8190836088804913,0.7489381102357204,0.8356164383561643,0.6781609195402298
adapter,1,0,0.7206349206349206,0.6987067712874165,0.7394652717233363,0.6833678690492856,0.7522522522522523,0.6451612903225806
adapter,1,1,0.8076923076923076,0.7558558558558559,0.751951951951952,0.7606995197068726,0.8783783783783784,0.6333333333333333
adapter,1,2,0.7378640776699029,0.7038051750380517,0.7526636225266362,0.6949851023805107,0.7853881278538811,0.6222222222222222
adapter,2,0,0.7746031746031746,0.7088782330717814,0.7271142109851786,0.7169572074589344,0.8693693693693693,0.5483870967741935
adapter,2,1,0.6634615384615384,0.6809309309309309,0.7322822822822822,0.6408096672134164,0.6396396396396397,0.7222222222222222
adapter,2,2,0.7378640776699029,0.7332572298325722,0.7933028919330289,0.7085668704585685,0.7442922374429224,0.7222222222222222
adapter,3,0,0.7428571428571429,0.7175966288869514,0.7827666376053473,0.7044369205923321,0.7792792792792792,0.6559139784946236
adapter,3,1,0.7015873015873016,0.7008137169427492,0.7593722755013078,0.6711917392310242,0.7027027027027026,0.6989247311827956
adapter,3,2,0.802588996763754,0.7985540334855403,0.8491628614916286,0.7765638453437115,0.8082191780821918,0.7888888888888889
adapter,4,0,0.7904761904761904,0.7451322290031968,0.7948270851496657,0.7464346052353533,0.8558558558558559,0.6344086021505376
adapter,4,1,0.6920634920634922,0.6815605928509155,0.7011043301365882,0.656903063854154,0.7072072072072072,0.6559139784946236
adapter,4,2,0.7896440129449838,0.7436073059360729,0.8185692541856926,0.7442665878435641,0.8538812785388128,0.6333333333333333
domain_masked,0,0,0.7111111111111111,0.6732054635280441,0.7009590235396687,0.6656660758545986,0.7657657657657658,0.5806451612903226
domain_masked,0,1,0.6990291262135923,0.6993150684931506,0.7264840182648401,0.6677064350551923,0.6986301369863014,0.7000000000000001
domain_masked,0,2,0.7516339869281046,0.7433475043300267,0.7998740355849473,0.7188178651159767,0.7625570776255707,0.7241379310344828
domain_masked,1,0,0.7333333333333334,0.6889712292938098,0.7396105783202557,0.6847438806180527,0.7972972972972974,0.5806451612903226
domain_masked,1,1,0.766025641025641,0.7397897897897897,0.7585585585585585,0.7274180093016996,0.8018018018018017,0.6777777777777777
domain_masked,1,2,0.7411003236245954,0.7028158295281584,0.7512937595129375,0.6961236197393608,0.7945205479452054,0.611111111111111
domain_masked,2,0,0.7142857142857143,0.694202266782912,0.7189770415576867,0.6731478601602895,0.7432432432432433,0.6451612903225806
domain_masked,2,1,0.6891025641025642,0.689039039039039,0.7337837837837838,0.6574651375980728,0.6891891891891891,0.6888888888888888
domain_masked,2,2,0.715210355987055,0.717275494672755,0.7799086757990868,0.6878261087252505,0.7123287671232877,0.7222222222222223
domain_masked,3,0,0.7587301587301587,0.7007410636442896,0.7505085730892183,0.7024843768609954,0.8423423423423424,0.5591397849462366
domain_masked,3,1,0.7269841269841271,0.6782185411217668,0.7646033129904097,0.6752176222931409,0.7972972972972974,0.5591397849462365
domain_masked,3,2,0.7961165048543689,0.7678082191780823,0.8129375951293759,0.7607864319613845,0.8356164383561643,0.7000000000000001
domain_masked,4,0,0.7746031746031745,0.7619877942458588,0.8180761406567858,0.7448281932956166,0.7927927927927928,0.7311827956989246
domain_masked,4,1,0.6952380952380951,0.6869369369369368,0.6929671607090961,0.6601954008996855,0.7072072072072072,0.6666666666666666
domain_masked,4,2,0.7702265372168284,0.7462709284627094,0.8101978691019788,0.7338490959663732,0.8036529680365296,0.6888888888888888
frozen,0,0,0.7142857142857143,0.6723336239465271,0.7086602731764021,0.666439635654999,0.7747747747747747,0.5698924731182796
frozen,0,1,0.6990291262135923,0.6796803652968036,0.7115677321156774,0.6568344367858968,0.7260273972602739,0.6333333333333333
frozen,0,2,0.7777777777777778,0.7512202802708234,0.802708234923634,0.7387989575818859,0.8127853881278538,0.689655172413793
frozen,1,0,0.7523809523809524,0.7056088346410926,0.7369950595757048,0.704111491628615,0.8198198198198199,0.5913978494623656
frozen,1,1,0.7884615384615384,0.7489489489489488,0.7570570570570571,0.7451219039210496,0.8423423423423424,0.6555555555555556
frozen,1,2,0.744336569579288,0.7149162861491628,0.7488584474885845,0.7034528519265018,0.7853881278538813,0.6444444444444445
frozen,2,0,0.7936507936507936,0.734888113920372,0.7333623946527172,0.7434969737850993,0.8783783783783784,0.5913978494623656
frozen,2,1,0.6698717948717948,0.6854354354354354,0.733933933933934,0.6461835495940396,0.6486486486486487,0.7222222222222222
frozen,2,2,0.7249190938511326,0.7208523592085235,0.7764079147640791,0.6946769465872861,0.730593607305936,0.7111111111111111
frozen,3,0,0.7238095238095239,0.7134553908747456,0.7725951758209822,0.692627828354373,0.7387387387387387,0.6881720430107526
frozen,3,1,0.7047619047619048,0.6999418773612321,0.7648939261842488,0.675160702905545,0.7117117117117117,0.6881720430107526
frozen,3,2,0.8122977346278316,0.7923135464231356,0.8388127853881278,0.7804477565789808,0.8401826484018264,0.7444444444444445
frozen,4,0,0.7682539682539682,0.7512351060738157,0.8174949142691078,0.7352958112232413,0.7927927927927927,0.7096774193548386
frozen,4,1,0.7238095238095239,0.6759662888695147,0.6827956989247311,0.6715874875078854,0.7927927927927928,0.5591397849462366
frozen,4,2,0.7864077669902912,0.7478691019786909,0.8071537290715373,0.7446039602121496,0.8401826484018264,0.6555555555555556
gate,0,0,0.7047619047619048,0.6687009590235397,0.7104039523394362,0.659840421600714,0.7567567567567567,0.5806451612903225
gate,0,1,0.7184466019417476,0.6770167427701673,0.7085235920852359,0.6694311937344475,0.776255707762557,0.5777777777777778
gate,0,2,0.7712418300653594,0.7397260273972602,0.785860494410329,0.7282131939697729,0.8127853881278538,0.6666666666666666
gate,1,0,0.7714285714285714,0.7253705318221447,0.7528334786399302,0.7254536689932224,0.8378378378378378,0.6129032258064516
gate,1,1,0.8044871794871794,0.7569069069069069,0.7686186186186187,0.7596637479186135,0.8693693693693693,0.6444444444444444
gate,1,2,0.7411003236245954,0.7028158295281584,0.7442922374429224,0.6945993476756657,0.7945205479452054,0.6111111111111112
gate,2,0,0.7873015873015873,0.7272595175820982,0.7420807904678872,0.7354700004125293,0.8738738738738738,0.5806451612903226
gate,2,1,0.6634615384615384,0.6842342342342342,0.733933933933934,0.6417987563899646,0.6351351351351351,0.7333333333333334
gate,2,2,0.7411003236245954,0.7159056316590563,0.7771689497716895,0.7002249660744394,0.776255707762557,0.6555555555555556
gate,3,0,0.7428571428571429,0.7082243533856438,0.7702702702702702,0.6996687792132793,0.7927927927927928,0.6236559139784946
gate,3,1,0.7269841269841271,0.6938390002906131,0.7683812845103167,0.6848362164151638,0.7747747747747749,0.6129032258064516
gate,3,2,0.7799352750809061,0.7891171993911721,0.8383561643835616,0.7581894636294222,0.7671232876712328,0.8111111111111112
gate,4,0,0.7904761904761904,0.7451322290031968,0.8112467306015693,0.7458479743265491,0.8558558558558559,0.6344086021505376
gate,4,1,0.7428571428571429,0.6832316187154897,0.6870095902353966,0.6854220003981276,0.8288288288288288,0.5376344086021505
gate,4,2,0.7928802588996763,0.7491628614916285,0.7721461187214612,0.7491281957151078,0.8538812785388128,0.6444444444444444
lastblock,0,0,0.7047619047619048,0.6811973263586166,0.7170880557977332,0.662939938186507,0.7387387387387387,0.6236559139784946
lastblock,0,1,0.7087378640776699,0.6996194824961948,0.7287671232876711,0.6762569088523286,0.7214611872146118,0.6777777777777777
lastblock,0,2,0.7810457516339868,0.7604314281215556,0.8280585734529996,0.7445862747397095,0.8082191780821918,0.7126436781609197
lastblock,1,0,0.7492063492063492,0.7127288578901482,0.7451322290031968,0.7061379092743078,0.8018018018018017,0.6236559139784946
lastblock,1,1,0.7916666666666666,0.7611111111111111,0.7837837837837838,0.7534438612310551,0.8333333333333334,0.6888888888888888
lastblock,1,2,0.7508090614886731,0.7162100456621004,0.7589041095890412,0.7080507162291143,0.7990867579908675,0.6333333333333333
lastblock,2,0,0.7999999999999999,0.7362685265911072,0.7548677709968032,0.7473550624088259,0.891891891891892,0.5806451612903226
lastblock,2,1,0.7147435897435898,0.6806306306306306,0.7279279279279279,0.669869693111745,0.7612612612612613,0.6
lastblock,2,2,0.744336569579288,0.7181887366818874,0.7712328767123288,0.703187127052554,0.7808219178082192,0.6555555555555556
lastblock,3,0,0.7682539682539682,0.7387387387387387,0.7943911653589074,0.7296856009814877,0.8108108108108109,0.6666666666666666
lastblock,3,1,0.6888888888888888,0.6824324324324325,0.7537053182214472,0.659046664068864,0.6981981981981983,0.6666666666666666
lastblock,3,2,0.8220064724919093,0.8089802130898022,0.8462709284627093,0.7943501636403912,0.8401826484018264,0.7777777777777778
lastblock,4,0,0.7777777777777778,0.7486195873292648,0.8051438535309504,0.7403059742962848,0.8198198198198199,0.6774193548387096
lastblock,4,1,0.6952380952380951,0.6775646614356292,0.6968904388259228,0.6596539160011812,0.7207207207207208,0.6344086021505376
lastblock,4,2,0.7799352750809061,0.743302891933029,0.8214611872146119,0.7375637492225376,0.8310502283105023,0.6555555555555556
str,0,0,0.6920634920634919,0.6846846846846847,0.7013949433304272,0.6600702525240888,0.7027027027027026,0.6666666666666666
str,0,1,0.7346278317152103,0.6818873668188736,0.6951293759512938,0.6803546984656631,0.8082191780821918,0.5555555555555555
str,0,2,0.7516339869281046,0.7329554400881751,0.7540544796095103,0.7144660069633089,0.776255707762557,0.6896551724137931
str,1,0,0.7111111111111111,0.6388404533565825,0.6594013368206917,0.6387331911005713,0.8153153153153153,0.4623655913978495
str,1,1,0.7403846153846154,0.7052552552552552,0.7351351351351352,0.6960899966256623,0.7882882882882883,0.6222222222222222
str,1,2,0.6957928802588996,0.6675799086757991,0.6834094368340944,0.6537508854806315,0.7351598173515982,0.6
str,2,0,0.7015873015873016,0.6664487067712874,0.6925312409183376,0.6576943186540753,0.7522522522522522,0.5806451612903226
str,2,1,0.75,0.6921921921921922,0.7051051051051052,0.6901963683466379,0.8288288288288288,0.5555555555555555
str,2,2,0.7572815533980582,0.730593607305936,0.7500761035007611,0.7149449762256187,0.7945205479452054,0.6666666666666666
str,3,0,0.7206349206349206,0.692458587619878,0.7051729148503343,0.6788277573567373,0.7612612612612613,0.6236559139784946
str,3,1,0.6984126984126985,0.6891891891891891,0.6977622784074398,0.6647318347628907,0.7117117117117117,0.6666666666666666
str,3,2,0.7864077669902912,0.734779299847793,0.769406392694064,0.7381680400046715,0.8584474885844747,0.611111111111111
str,4,0,0.765079365079365,0.7364864864864865,0.7541412380122058,0.726993399977271,0.8063063063063063,0.6666666666666666
str,4,1,0.6952380952380953,0.6650682941005522,0.6678291194420227,0.6527512956147509,0.7387387387387387,0.5913978494623656
str,4,2,0.7605177993527508,0.7394216133942161,0.7939117199391171,0.7232440437284913,0.7899543378995434,0.6888888888888888
