variant,seed,outer,inner,best_epoch,new_weight_l2,new_bias_delta_l2
adapter,42,0,0,6,1.490084171295166,0.17263196408748627
adapter,42,0,1,17,2.3090147972106934,0.2503790259361267
adapter,42,0,2,6,1.6690424680709839,0.21945926547050476
adapter,42,1,0,5,1.4611687660217285,0.17326302826404572
adapter,42,1,1,20,2.5411198139190674,0.25229352712631226
adapter,42,1,2,8,1.6700785160064697,0.20615100860595703
adapter,42,2,0,14,2.234675407409668,0.24296969175338745
adapter,42,2,1,2,0.5565058588981628,0.08176407963037491
adapter,42,2,2,11,2.2463808059692383,0.25592851638793945
adapter,42,3,0,27,2.1283998489379883,0.23532336950302124
adapter,42,3,1,5,1.5216844081878662,0.18921132385730743
adapter,42,3,2,9,1.8769590854644775,0.25966396927833557
adapter,42,4,0,16,2.0510966777801514,0.21349115669727325
adapter,42,4,1,9,1.6881566047668457,0.19789756834506989
adapter,42,4,2,20,2.062915802001953,0.24571259319782257
adapter,43,0,0,8,1.491173267364502,0.18464285135269165
adapter,43,0,1,6,1.3631312847137451,0.15517941117286682
adapter,43,0,2,10,1.6116535663604736,0.18224836885929108
adapter,43,1,0,6,1.6071701049804688,0.19631287455558777
adapter,43,1,1,6,1.493623971939087,0.17484785616397858
adapter,43,1,2,5,1.4081324338912964,0.18492858111858368
adapter,43,2,0,20,2.3725426197052,0.2235921323299408
adapter,43,2,1,6,1.6092326641082764,0.1910998523235321
adapter,43,2,2,9,1.7704737186431885,0.23205937445163727
adapter,43,3,0,10,1.648398995399475,0.1896798014640808
adapter,43,3,1,10,1.904617190361023,0.20599384605884552
adapter,43,3,2,12,1.921483039855957,0.19259028136730194
adapter,43,4,0,17,2.165083646774292,0.2148006111383438
adapter,43,4,1,3,1.0354925394058228,0.12917637825012207
adapter,43,4,2,11,1.9168058633804321,0.20940645039081573
adapter,44,0,0,13,1.9828064441680908,0.21539483964443207
adapter,44,0,1,7,1.450459361076355,0.16850195825099945
adapter,44,0,2,10,1.8733230829238892,0.22113800048828125
adapter,44,1,0,14,2.3337697982788086,0.23753555119037628
adapter,44,1,1,14,2.319098711013794,0.2865466773509979
adapter,44,1,2,12,1.5951083898544312,0.1860964000225067
adapter,44,2,0,8,1.7370779514312744,0.22085422277450562
adapter,44,2,1,4,1.2665982246398926,0.1733119785785675
adapter,44,2,2,13,1.9970537424087524,0.24972641468048096
adapter,44,3,0,5,1.411201000213623,0.21722440421581268
adapter,44,3,1,6,1.4984170198440552,0.1729493886232376
adapter,44,3,2,18,2.505913257598877,0.2596779465675354
adapter,44,4,0,11,2.1848392486572266,0.23879888653755188
adapter,44,4,1,5,1.584022879600525,0.20000118017196655
adapter,44,4,2,7,1.5019149780273438,0.18889828026294708
gate,42,0,0,5,0.23884746432304382,0.03843489661812782
gate,42,0,1,33,0.9280490875244141,0.1309250444173813
gate,42,0,2,5,0.15991079807281494,0.020001249387860298
gate,42,1,0,17,0.8929135799407959,0.12472505122423172
gate,42,1,1,18,0.9734878540039062,0.13467328250408173
gate,42,1,2,17,0.9316835999488831,0.13864615559577942
gate,42,2,0,16,0.8042764663696289,0.11059542745351791
gate,42,2,1,2,0.06476026028394699,0.00978243350982666
gate,42,2,2,9,0.3147127032279968,0.05670735985040665
gate,42,3,0,13,0.5734472274780273,0.09617120027542114
gate,42,3,1,7,0.30131036043167114,0.04855524003505707
gate,42,3,2,6,0.27760782837867737,0.04650961607694626
gate,42,4,0,20,0.9959287643432617,0.1402919888496399
gate,42,4,1,16,0.848340630531311,0.1182171180844307
gate,42,4,2,18,0.843799352645874,0.11886332184076309
gate,43,0,0,14,0.6701553463935852,0.10091856122016907
gate,43,0,1,3,0.07990580052137375,0.010485720820724964
gate,43,0,2,15,0.664033830165863,0.10218406468629837
gate,43,1,0,8,0.34045979380607605,0.053797438740730286
gate,43,1,1,16,0.7853643894195557,0.11932653188705444
gate,43,1,2,9,0.39828920364379883,0.06764079630374908
gate,43,2,0,20,0.8884419202804565,0.1246638223528862
gate,43,2,1,6,0.1618751734495163,0.028458114713430405
gate,43,2,2,9,0.2560915946960449,0.03877999633550644
gate,43,3,0,8,0.30797910690307617,0.05454530566930771
gate,43,3,1,10,0.623367965221405,0.10384000837802887
gate,43,3,2,11,0.5995579957962036,0.09535609185695648
gate,43,4,0,12,0.5911275744438171,0.08531639724969864
gate,43,4,1,8,0.5053437948226929,0.07977832853794098
gate,43,4,2,7,0.22100894153118134,0.03741205856204033
gate,44,0,0,4,0.1327275186777115,0.018814636394381523
gate,44,0,1,6,0.2453567087650299,0.04058598354458809
gate,44,0,2,15,0.7330405116081238,0.10105572640895844
gate,44,1,0,14,0.8022608160972595,0.11360717564821243
gate,44,1,1,12,0.6599988341331482,0.09903417527675629
gate,44,1,2,12,0.6957724094390869,0.10547766834497452
gate,44,2,0,15,0.6619369387626648,0.10222917050123215
gate,44,2,1,4,0.1291935294866562,0.01714933291077614
gate,44,2,2,17,0.6316666603088379,0.08486314862966537
gate,44,3,0,5,0.14040742814540863,0.022781673818826675
gate,44,3,1,8,0.45597413182258606,0.07482226938009262
gate,44,3,2,17,0.879642903804779,0.1279265582561493
gate,44,4,0,11,0.5921937227249146,0.08714505285024643
gate,44,4,1,12,0.5290130972862244,0.084489606320858
gate,44,4,2,2,0.0780525654554367,0.012960821390151978
