family,comparison,mean_r2_delta,wins,rank_biserial,wilcoxon_p,bh_q_18_tests
time_location_scale,wrist_mean-learned_subject_embedding,1.1194426548062466,15,1.0,6.103515625e-05,0.00018310546875
time_location_scale,bilateral_activity_mean-learned_subject_embedding,0.036365253837892256,8,0.11666666666666667,0.7197265625,0.7197265625
time_location_scale,activity_context_mean-learned_subject_embedding,0.09907979232125382,9,0.36666666666666664,0.22930908203125,0.37523304332386365
time_shape,wrist_mean-learned_subject_embedding,1.9841962872643903,15,1.0,6.103515625e-05,0.00018310546875
time_shape,bilateral_activity_mean-learned_subject_embedding,0.006907469858631895,5,-0.31666666666666665,0.30279541015625,0.38930838448660715
time_shape,activity_context_mean-learned_subject_embedding,0.07535954241479144,6,-0.18333333333333332,0.5614013671875,0.5944249770220589
derivative,wrist_mean-learned_subject_embedding,0.9688945177462741,15,1.0,6.103515625e-05,0.00018310546875
derivative,bilateral_activity_mean-learned_subject_embedding,-0.07904471477300912,5,-0.4666666666666667,0.12054443359375,0.21697998046875
derivative,activity_context_mean-learned_subject_embedding,-0.030100424301563598,6,-0.31666666666666665,0.30279541015625,0.38930838448660715
spectral_global,wrist_mean-learned_subject_embedding,0.9718595594587508,15,1.0,6.103515625e-05,0.00018310546875
spectral_global,bilateral_activity_mean-learned_subject_embedding,0.14932892659108435,11,0.6833333333333333,0.01806640625,0.0406494140625
spectral_global,activity_context_mean-learned_subject_embedding,0.16018021560830126,13,0.7833333333333333,0.00537109375,0.013811383928571428
band_absolute,wrist_mean-learned_subject_embedding,0.6665029199385782,15,1.0,6.103515625e-05,0.00018310546875
band_absolute,bilateral_activity_mean-learned_subject_embedding,0.045078971991996425,10,0.35,0.25238037109375,0.378570556640625
band_absolute,activity_context_mean-learned_subject_embedding,0.06097104247339265,10,0.5166666666666667,0.083251953125,0.16650390625
band_fraction,wrist_mean-learned_subject_embedding,1.9682190122476568,15,1.0,6.103515625e-05,0.00018310546875
band_fraction,bilateral_activity_mean-learned_subject_embedding,0.1622234714508854,9,0.23333333333333334,0.45428466796875,0.5110702514648438
band_fraction,activity_context_mean-learned_subject_embedding,0.1813243013729325,10,0.3,0.33026123046875,0.3963134765625
