candidate,reference,metric,mean_delta,positive_splits,negative_splits,ci95_low,ci95_high,cohen_dz,wilcoxon_p,q_primary_bh
adapt,frozen,accuracy,0.006223630104269702,10,5,-0.0030927831924405947,0.016231783303313825,0.3175346581187872,0.2010979480418701,
adapt,frozen,ba,0.00475727407356162,10,5,-0.0006463669735835932,0.010208446809068511,0.4307374743388743,0.1688232421875,0.22509765625
adapt,frozen,auroc,0.009355204321300629,11,4,0.002953867500608994,0.015401049067413559,0.7274742994921752,0.01507568359375,0.060302734375
adapt,frozen,macro_f1,0.006239551003289723,11,4,-0.0002699614668069235,0.013055780134220402,0.4556610410277474,0.10699462890625,
adapt,frozen,pd_recall,0.008149245135546535,6,8,-0.012287732938417801,0.031071722407338874,0.18317387518581377,0.6376838503977392,
adapt,frozen,dd_recall,0.0013653030115766387,7,7,-0.023968936678614113,0.024475960944259023,0.027493720734667795,0.5299552725420018,
multi,frozen,accuracy,0.008078519931746663,9,6,-0.003444554271795856,0.02188880236353108,0.3115200392863403,0.5699052889537048,
multi,frozen,ba,0.0007700421405146966,6,9,-0.003785180642876357,0.005420434216653807,0.0814461199418469,0.803955078125,0.803955078125
multi,frozen,auroc,0.007138881151863615,10,5,-0.0023960637615078693,0.015627699617425658,0.3830782757925684,0.15142822265625,0.22509765625
multi,frozen,macro_f1,0.004607236662695535,8,7,-0.0021649787253936845,0.011805032436422466,0.3202323077849968,0.359130859375,
multi,frozen,pd_recall,0.018264840182648387,8,7,-0.010576432596980571,0.05253671479698873,0.28459181745541684,0.5994873046875,
multi,frozen,dd_recall,-0.016724755901619075,6,7,-0.052714415193836794,0.015843488649940278,-0.23437621107627715,0.5522505857853197,
adapt,multi,accuracy,-0.0018548898274769613,6,9,-0.009523093612185625,0.005667532733780532,-0.11775648721402784,0.7981933484818879,
adapt,multi,ba,0.0039872319330469235,8,7,-3.6473862437255666e-05,0.008701635992278554,0.44760679505621215,0.1688232421875,
adapt,multi,auroc,0.002216323169437014,8,7,-0.0054859208104137665,0.010473336853393944,0.1359790426979661,0.890380859375,
adapt,multi,macro_f1,0.0016323143405941876,9,6,-0.0032734489672120275,0.006780736779746525,0.15829521974528654,0.67877197265625,
adapt,multi,pd_recall,-0.010115595047101852,6,9,-0.02850394915463403,0.008865132255543234,-0.2658575624652584,0.29328555139466594,
adapt,multi,dd_recall,0.018090058913195713,9,5,-0.0032036213076258053,0.040549623037943364,0.4030382258100815,0.17679386538091857,
