variant,outer,inner,seed,n,best_epoch,epochs_run,best_train_loss,best_val_loss,best_gap,last_train_loss,last_val_loss,accuracy,ba,auroc,macro_f1,pd_recall,dd_recall
str,0,0,42,105,11,23,0.4241316777903859,0.6881816412721361,0.2640499634817502,0.07750223786002253,1.1235473766856428,0.6285714285714286,0.6708805579773321,0.6782911944202267,0.6173254835996635,0.5675675675675675,0.7741935483870968
str,0,0,43,105,11,23,0.43270832329261594,0.6043209785506839,0.17161265525806796,0.025194033012702698,1.1588675553588905,0.7333333333333333,0.7170880557977333,0.7306015693112468,0.7,0.7567567567567568,0.6774193548387096
str,0,0,44,105,12,24,0.3981478898263559,0.62910268448648,0.23095479466012409,0.028428364267981635,1.3648260422671834,0.7142857142857143,0.6660854402789886,0.6952920662598081,0.6628852739726028,0.7837837837837838,0.5483870967741935
str,0,1,42,103,22,34,0.021746197737897363,1.0368843347702212,1.0151381370323238,0.009186984316540369,1.232945978930853,0.7766990291262136,0.7050228310502282,0.7251141552511415,0.71475015051174,0.8767123287671232,0.5333333333333333
str,0,1,43,103,12,24,0.3003417486729829,0.6908106485616814,0.3904688998886985,0.011303698970229873,1.1487238974247165,0.7087378640776699,0.6865296803652967,0.6926940639269407,0.6707161125319694,0.7397260273972602,0.6333333333333333
str,0,1,44,103,11,23,0.37611970219059265,0.6716717904053845,0.29555208821479184,0.021560819810571303,1.3506822609207005,0.7184466019417476,0.654109589041096,0.6675799086757991,0.6555978323532803,0.8082191780821918,0.5
str,0,2,42,102,14,26,0.24500432753792176,0.5792261695160585,0.33422184197813676,0.015980266974880718,0.8996938309248756,0.7549019607843137,0.7560226735947095,0.7888521492678318,0.7262479871175522,0.7534246575342466,0.7586206896551724
str,0,2,43,102,9,21,0.5513704499373069,0.5858749922584084,0.03450454232110156,0.04809471062169625,0.8575454202352786,0.7745098039215687,0.7489371752479925,0.7727916863486065,0.7359000337723742,0.8082191780821918,0.6896551724137931
str,0,2,44,102,7,19,0.6222719882543271,0.6281550362998364,0.00588304804550932,0.08750925886516388,0.8444481758656455,0.7254901960784313,0.6939064714218233,0.7005196032120926,0.68125,0.7671232876712328,0.6206896551724138
str,1,0,42,105,9,21,0.4988498562488003,0.7144631005468822,0.21561324429808193,0.09171215484395695,1.039145162669454,0.7428571428571429,0.6488666085440279,0.6290322580645161,0.6592957577214278,0.8783783783783784,0.41935483870967744
str,1,0,43,105,12,24,0.36394954418790515,0.6569186976977757,0.2929691535098705,0.018908015780762774,1.1092737935416932,0.6571428571428571,0.6442894507410637,0.6813426329555361,0.6244038155802862,0.6756756756756757,0.6129032258064516
str,1,0,44,105,19,31,0.08515970714858188,1.0753724365273403,0.9902127293787584,0.0169505238407044,1.3754516450732592,0.7333333333333333,0.6233653007846556,0.6678291194420227,0.6325,0.8918918918918919,0.3548387096774194
str,1,1,42,104,9,21,0.5022774785757065,0.5807031117952787,0.07842563321957219,0.06946863017331523,0.7682402546589191,0.7980769230769231,0.7193693693693693,0.7716216216216216,0.7341448569689593,0.9054054054054054,0.5333333333333333
str,1,1,43,104,11,23,0.36534943546240145,0.6544524431228638,0.2891030076604623,0.016624458241634645,1.3750803023576736,0.6730769230769231,0.681081081081081,0.7022522522522522,0.6475279106858054,0.6621621621621622,0.7
str,1,1,44,104,16,28,0.18228417491683593,0.6688044942342318,0.4865203193173959,0.01628116561243167,1.0233199395812476,0.75,0.7153153153153153,0.7315315315315316,0.7065972222222222,0.7972972972972973,0.6333333333333333
str,1,2,42,103,12,24,0.39569754877158897,0.6571468838210245,0.2614493350494355,0.09188941115754072,0.7862196758534145,0.7281553398058253,0.6904109589041096,0.7027397260273973,0.6826584507042254,0.7808219178082192,0.6
str,1,2,43,103,9,21,0.4312365214790454,0.6293912558879667,0.19815473440892134,0.019629112102256187,1.2709253488235104,0.6504854368932039,0.6552511415525114,0.7045662100456621,0.6246963562753036,0.6438356164383562,0.6666666666666666
str,1,2,44,103,13,25,0.2863886370613244,0.8488459543695728,0.5624573173082483,0.025292860292807293,1.3056823625726608,0.7087378640776699,0.6570776255707762,0.6429223744292238,0.6538978494623655,0.7808219178082192,0.5333333333333333
str,2,0,42,105,31,43,0.019957770440493516,1.056204724879492,1.0362469544389983,0.007870398844245839,1.1491129920596168,0.7428571428571429,0.6863557105492589,0.7122929380993898,0.6880844977445264,0.8243243243243243,0.5483870967741935
str,2,0,43,105,14,26,0.1891662762072927,0.7902398773602077,0.601073601152915,0.016152549121114943,1.3339095223517645,0.6571428571428571,0.6349171752397559,0.6861377506538796,0.6195652173913043,0.6891891891891891,0.5806451612903226
str,2,0,44,105,7,19,0.6068576372763961,0.6304808213597253,0.023623184083329196,0.07339703362741044,1.0065957500821068,0.7047619047619048,0.6780732345248475,0.6791630340017436,0.6654332408263953,0.7432432432432432,0.6129032258064516
str,2,1,42,104,21,33,0.11113220324309972,1.1611898191846335,1.0500576159415338,0.019168024990134515,1.3889229564139476,0.7596153846153846,0.6527027027027027,0.6653153153153154,0.6662816069824156,0.9054054054054054,0.4
str,2,1,43,104,19,31,0.0914949278275554,0.8051772954372259,0.7136823676096705,0.013222688889632432,1.0856792339338706,0.7596153846153846,0.7319819819819819,0.7626126126126127,0.7202797202797203,0.7972972972972973,0.6666666666666666
str,2,1,44,104,6,18,0.635399185694181,0.6507726563857152,0.015373470691534274,0.14433483349589202,0.9579000725195959,0.7307692307692307,0.6918918918918919,0.6873873873873874,0.6840277777777778,0.7837837837837838,0.6
str,2,2,42,103,15,27,0.35308627292299954,0.6285142594749488,0.2754279865519492,0.07776511044343978,0.731273240256078,0.7669902912621359,0.7276255707762557,0.7552511415525115,0.7231182795698925,0.821917808219178,0.6333333333333333
str,2,2,43,103,12,24,0.4088164318406411,0.5646606782107677,0.15584424637012662,0.03563147957512494,0.894270586157308,0.7475728155339806,0.7826484018264841,0.8036529680365296,0.7317708333333333,0.6986301369863014,0.8666666666666667
str,2,2,44,103,6,18,0.6471748397681132,0.6309674087079983,-0.016207431060114907,0.11100699513722835,0.8159706494183216,0.7572815533980582,0.6815068493150684,0.6913242009132421,0.6899458157736303,0.863013698630137,0.5
str,3,0,42,105,19,31,0.16194969429992712,0.8538205256242127,0.6918708313242856,0.018436284699978735,0.9971359127156791,0.7523809523809524,0.6743679163034002,0.7035745422842198,0.6834415584415585,0.8648648648648649,0.4838709677419355
str,3,0,43,105,16,28,0.18408914411870334,0.8055350371237312,0.6214458930050278,0.01925731204951612,1.3200648318952604,0.7142857142857143,0.7035745422842197,0.6857018308631211,0.6829710144927537,0.7297297297297297,0.6774193548387096
str,3,0,44,105,18,30,0.1391630139775001,0.7415448022030648,0.6023817882255648,0.02004620082712231,1.307211382004122,0.6952380952380952,0.699433304272014,0.7262423714036618,0.6700706991358995,0.6891891891891891,0.7096774193548387
str,3,1,42,105,7,19,0.6010095259317985,0.6405870829309736,0.03957755699917509,0.10588549435711823,0.8333069284756979,0.6761904761904762,0.7140366172624237,0.7266782911944203,0.6626984126984127,0.6216216216216216,0.8064516129032258
str,3,1,43,105,8,20,0.567931028512808,0.6506322781244914,0.08270124961168346,0.05510212215953148,1.2727340287905895,0.7047619047619048,0.6499564080209241,0.6556233653007848,0.6485260770975056,0.7837837837837838,0.5161290322580645
str,3,1,44,105,8,20,0.5006014085732974,0.62412645646504,0.12352504789174257,0.03650959982321812,1.3375691439734683,0.7142857142857143,0.7035745422842197,0.7109851787271142,0.6829710144927537,0.7297297297297297,0.6774193548387096
str,3,2,42,103,28,40,0.044429411215796355,0.7961723248935441,0.7517429136777477,0.011033233476891405,0.8665961736035579,0.8349514563106796,0.7853881278538812,0.8050228310502283,0.7938302131166843,0.9041095890410958,0.6666666666666666
str,3,2,43,103,8,20,0.5397075945422762,0.6168316434888006,0.07712404894652436,0.06466744911989995,1.061746696824009,0.7378640776699029,0.6776255707762557,0.719634703196347,0.6793497059840885,0.821917808219178,0.5333333333333333
str,3,2,44,103,11,23,0.3730988275437128,0.5856060947029336,0.21250726715922075,0.053677250941594444,0.8227143041717196,0.7864077669902912,0.7413242009132419,0.7835616438356164,0.7413242009132419,0.8493150684931506,0.6333333333333333
str,4,0,42,105,19,31,0.21466240730996317,0.6852863111666271,0.4706239038566639,0.03376416340828515,1.0015360359457277,0.7714285714285715,0.7628596338273758,0.7493461203138624,0.7428571428571429,0.7837837837837838,0.7419354838709677
str,4,0,43,105,12,24,0.3256833232366122,0.6365465600575719,0.31086323682095973,0.023028861820841066,1.0527932999566907,0.7523809523809524,0.7212292938099389,0.7441150828247602,0.7127525252525253,0.7972972972972973,0.6451612903225806
str,4,0,44,105,9,21,0.5197317118828113,0.5770942912215278,0.05736257933871647,0.037362692125428185,1.1309196802610089,0.7714285714285715,0.7253705318221447,0.7689625108979947,0.7253705318221447,0.8378378378378378,0.6129032258064516
str,4,1,42,105,26,38,0.08790954850757352,1.0900531504702355,1.002143601962662,0.021106235324763335,1.301365750694337,0.7238095238095238,0.6728421970357454,0.6970357454228423,0.6712018140589568,0.7972972972972973,0.5483870967741935
str,4,1,43,105,15,27,0.16202176075715286,0.8382984944752284,0.6762767337180755,0.020806548597577672,1.2843442421583902,0.7047619047619048,0.7061900610287708,0.6765475152571927,0.6785185185185185,0.7027027027027027,0.7096774193548387
str,4,1,44,105,9,21,0.36841418135624665,0.789714430343537,0.4213002489872904,0.0639956473516157,1.3368087758088396,0.6571428571428571,0.6161726242371404,0.6299040976460333,0.6085335542667771,0.7162162162162162,0.5161290322580645
str,4,2,42,103,21,33,0.12898338493846712,0.5507668343562524,0.4217834494177853,0.016483643278479575,0.6560618449183344,0.7281553398058253,0.7591324200913242,0.8045662100456621,0.7111378205128205,0.684931506849315,0.8333333333333334
str,4,2,43,103,10,22,0.4649676171087083,0.5539111523952299,0.0889435352865216,0.053905397955150834,0.9213398660270913,0.7572815533980582,0.730593607305936,0.7949771689497717,0.7190398254228041,0.7945205479452054,0.6666666666666666
str,4,2,44,103,13,25,0.31460659816151576,0.6055156814241872,0.29090908326267145,0.02234078392031647,0.9920202606511348,0.7961165048543689,0.7285388127853881,0.7821917808219178,0.7395544852498495,0.8904109589041096,0.5666666666666667
frozen,0,0,42,105,6,18,0.4554826538737227,0.6219585106486366,0.1664758567749139,0.029787103372921304,1.0801325295652662,0.7047619047619048,0.6780732345248475,0.6974716652136006,0.6654332408263953,0.7432432432432432,0.6129032258064516
frozen,0,0,43,105,5,17,0.5291587935715187,0.5968103749411446,0.0676515813696259,0.0368348246758304,0.9346191965753123,0.7333333333333333,0.6889712292938099,0.7179598953792502,0.685359589041096,0.7972972972972973,0.5806451612903226
frozen,0,0,44,105,10,22,0.2991925726576549,0.7140753235135759,0.414882750855921,0.010660725164159042,1.3128135227021718,0.7047619047619048,0.6499564080209241,0.7105492589363557,0.6485260770975056,0.7837837837837838,0.5161290322580645
frozen,0,1,42,103,24,36,0.007551489016581057,1.1876870437154492,1.180135554698868,0.0042052898164568605,1.2542771193587665,0.7766990291262136,0.6853881278538813,0.7360730593607306,0.7003162555344719,0.9041095890410958,0.4666666666666667
frozen,0,1,43,103,8,20,0.35503886719256783,0.7313871678796787,0.3763483006871109,0.021193611825892817,1.211046148561737,0.5922330097087378,0.66324200913242,0.6885844748858447,0.5875286041189931,0.4931506849315068,0.8333333333333334
frozen,0,1,44,103,10,22,0.19548540997908312,0.7362580837555301,0.540772673776447,0.012712827699195935,1.2018848437707401,0.7281553398058253,0.6904109589041096,0.7100456621004565,0.6826584507042254,0.7808219178082192,0.6
frozen,0,2,42,102,8,20,0.48203345846671325,0.498217935071272,0.01618447660455874,0.018177062801371973,0.8485586435771456,0.7549019607843137,0.7560226735947095,0.8261691072272084,0.7262479871175522,0.7534246575342466,0.7586206896551724
frozen,0,2,43,102,15,27,0.0548441035207361,0.7057462211917428,0.6509021176710067,0.004225252393203286,1.0538850818194596,0.7745098039215687,0.7385451110061407,0.7770429853566367,0.7310558294164852,0.821917808219178,0.6551724137931034
frozen,0,2,44,102,10,22,0.2708608118387369,0.5738357004581713,0.30297488861943445,0.009146560153637368,1.0760320071313603,0.803921568627451,0.7590930562116203,0.8049126121870571,0.7590930562116203,0.863013698630137,0.6551724137931034
frozen,1,0,42,105,6,18,0.49545373490467165,0.6088807094664801,0.11342697456180845,0.05415462545942569,0.9260243063969981,0.7333333333333333,0.6889712292938099,0.7445510026155188,0.685359589041096,0.7972972972972973,0.5806451612903226
frozen,1,0,43,105,5,17,0.5547176501601214,0.6180676289967129,0.06334997883659144,0.0719939747258373,1.0509450843823807,0.7523809523809524,0.6931124673060156,0.7210113339145597,0.6966666666666667,0.8378378378378378,0.5483870967741935
frozen,1,0,44,105,22,34,0.02455876965597632,0.9229174369042518,0.8983586672482754,0.008980942273665454,1.175559887005892,0.7714285714285715,0.7347428073234525,0.7454228421970358,0.7303082191780822,0.8243243243243243,0.6451612903225806
frozen,1,1,42,104,10,22,0.32153793768240857,0.5927627625373694,0.2712248248549608,0.012033705456325641,0.9889859537092539,0.7980769230769231,0.7391891891891892,0.7702702702702703,0.7462530498431509,0.8783783783783784,0.6
frozen,1,1,43,104,6,18,0.5068795497600849,0.565517402612246,0.058637852852161165,0.041229781694710255,0.6381892911516703,0.7884615384615384,0.7720720720720721,0.786936936936937,0.755868544600939,0.8108108108108109,0.7333333333333333
frozen,1,1,44,104,12,24,0.12127727040877709,0.8882830483982196,0.7670057779894425,0.00783394769174405,1.3830069980512445,0.7788461538461539,0.7355855855855855,0.713963963963964,0.7332441173190588,0.8378378378378378,0.6333333333333333
frozen,1,2,42,103,21,33,0.03062391186436041,0.8737949653736596,0.8431710535092992,0.006421694788261892,1.101232143281733,0.7961165048543689,0.7285388127853881,0.763013698630137,0.7395544852498495,0.8904109589041096,0.5666666666666667
frozen,1,2,43,103,9,21,0.3259354859733125,0.674138848932044,0.3482033629587315,0.010793119677315739,1.3053019680806155,0.6601941747572816,0.6915525114155252,0.7191780821917809,0.6439506172839506,0.6164383561643836,0.7666666666666667
frozen,1,2,44,103,12,24,0.09305215965617787,0.8271997518909787,0.7341475922348009,0.005248229464047597,1.1991884959409538,0.7766990291262136,0.7246575342465753,0.7643835616438356,0.7268534532457052,0.8493150684931506,0.6
frozen,2,0,42,105,13,25,0.24833928833261204,0.6363175504973957,0.38797826216478365,0.0104133036788463,0.9326825843325683,0.8,0.7362685265911073,0.7441150828247601,0.7471620227038184,0.8918918918918919,0.5806451612903226
frozen,2,0,43,105,23,35,0.014312324199627562,1.085950287183126,1.0716379629834984,0.004905924113278372,1.2438253397033328,0.8285714285714286,0.7659110723626853,0.7101133391455972,0.7808441558441559,0.918918918918919,0.6129032258064516
frozen,2,0,44,105,15,27,0.038318116001892784,0.8225500874576115,0.7842319714557187,0.0031303717273372957,1.1900875786230678,0.7523809523809524,0.7024847428073235,0.7458587619877942,0.7024847428073235,0.8243243243243243,0.5806451612903226
frozen,2,1,42,104,2,14,0.6529803436536056,0.6373561849960914,-0.015624158657514209,0.11578889062198308,0.8665846150655013,0.6730769230769231,0.6612612612612612,0.7477477477477479,0.6388888888888888,0.6891891891891891,0.6333333333333333
frozen,2,1,43,104,6,18,0.49206223969276136,0.6095414345081036,0.11747919481534225,0.014894070676886119,1.424821130071695,0.6634615384615384,0.6743243243243243,0.7225225225225225,0.6391394864677307,0.6486486486486487,0.7
frozen,2,1,44,104,4,16,0.5903280812960404,0.6276332048269418,0.03730512353090143,0.01683385031691824,1.384937734558032,0.6730769230769231,0.7207207207207207,0.7315315315315316,0.6605222734254992,0.6081081081081081,0.8333333333333334
frozen,2,2,42,103,15,27,0.17881698699659138,0.6758362190816009,0.4970192320850095,0.013336665603069313,0.9602517566634613,0.6990291262135923,0.6698630136986301,0.7511415525114156,0.657145925051004,0.7397260273972602,0.6
frozen,2,2,43,103,9,21,0.46123821769604845,0.5561458245643134,0.09490760686826494,0.01822933194597372,1.2108346084946568,0.7184466019417476,0.7424657534246575,0.7936073059360731,0.6992852109131179,0.684931506849315,0.8
frozen,2,2,44,103,17,29,0.023720351324091404,0.8499940094149229,0.8262736580908314,0.003275197467200779,1.2160269729431392,0.7572815533980582,0.7502283105022831,0.7844748858447489,0.7275997037977362,0.7671232876712328,0.7333333333333333
frozen,3,0,42,105,13,25,0.13874399647689784,0.6432925080969221,0.5045485116200242,0.00894409220200032,1.0719074491389273,0.7523809523809524,0.7212292938099389,0.7898866608544026,0.7127525252525253,0.7972972972972973,0.6451612903225806
frozen,3,0,43,105,10,22,0.2547013911490257,0.5852866134473256,0.3305852222982999,0.008687626839113923,1.1470652978437665,0.7142857142857143,0.7035745422842197,0.7842197035745423,0.6829710144927537,0.7297297297297297,0.6774193548387096
frozen,3,0,44,105,5,17,0.5366544838135059,0.5905398300715855,0.053885346258079614,0.020251712636449017,0.9872204346249678,0.7047619047619048,0.7155623365300785,0.7436791630340017,0.68215994531784,0.6891891891891891,0.7419354838709677
frozen,3,1,42,105,7,19,0.40172447780003917,0.6332203185274488,0.23149584072740959,0.02014532867962351,1.3317073075544266,0.6857142857142857,0.6833042720139494,0.7127288578901482,0.6577777777777778,0.6891891891891891,0.6774193548387096
frozen,3,1,43,105,10,22,0.19780666982898346,0.5659728863409588,0.36816621651197534,0.00798166346682522,1.1592587882031997,0.7523809523809524,0.7118570183086312,0.8051438535309503,0.707833904109589,0.8108108108108109,0.6129032258064516
frozen,3,1,44,105,6,18,0.4039952542919379,0.5906304288478125,0.18663517455587458,0.011087358472510599,1.3051560049965267,0.6761904761904762,0.7046643417611159,0.7768090671316478,0.6598704268292683,0.6351351351351351,0.7741935483870968
frozen,3,2,42,103,3,15,0.6320750333013989,0.5803147427086691,-0.051760290592729796,0.07602339418871062,0.6757684234276559,0.8058252427184466,0.7550228310502283,0.8401826484018264,0.7600186393289842,0.8767123287671232,0.6333333333333333
frozen,3,2,43,103,11,23,0.2346432308355967,0.5587908648750157,0.32414763403941904,0.011081168720764773,0.9186372534163947,0.7766990291262136,0.79337899543379,0.8073059360730594,0.7559995880111237,0.7534246575342466,0.8333333333333334
frozen,3,2,44,103,11,23,0.14707884611118408,0.4902026589634349,0.3431238128522508,0.006225740634614513,0.7333447732103681,0.8543689320388349,0.8285388127853881,0.8689497716894976,0.8253250423968344,0.8904109589041096,0.7666666666666667
frozen,4,0,42,105,10,22,0.360780730843544,0.5207306583722432,0.1599499275286992,0.018608715671759386,1.0787402612112817,0.7523809523809524,0.75871839581517,0.8108108108108107,0.7287360890302067,0.7432432432432432,0.7741935483870968
frozen,4,0,43,105,15,27,0.06904109373975259,0.5498466173630385,0.48080552362328594,0.004764639203830694,0.9973160598438144,0.780952380952381,0.7321272885789014,0.8260680034873584,0.7342942017823744,0.8513513513513513,0.6129032258064516
frozen,4,0,44,105,14,26,0.11862761405511545,0.5375116529918852,0.41888403893676973,0.008203148300078912,1.0813884065264747,0.7714285714285715,0.7628596338273758,0.8156059285091544,0.7428571428571429,0.7837837837837838,0.7419354838709677
frozen,4,1,42,105,8,20,0.3694189672286694,0.8066377586197285,0.4372187913910591,0.026758935714427095,1.1794744229964202,0.7523809523809524,0.6649956408020924,0.6691368788142982,0.6759259259259259,0.8783783783783784,0.45161290322580644
frozen,4,1,43,105,15,27,0.044536768924444914,0.9764420971983955,0.9319053282739506,0.006325332497139103,1.510297189271521,0.7142857142857143,0.694202266782912,0.6861377506538797,0.6785714285714286,0.7432432432432432,0.6451612903225806
frozen,4,1,44,105,8,20,0.23156013139165366,0.8587875469277303,0.6272274155360766,0.010686812031333549,1.6995272733867057,0.7047619047619048,0.6687009590235398,0.6931124673060156,0.660265108026302,0.7567567567567568,0.5806451612903226
frozen,4,2,42,103,11,23,0.38166406949361165,0.5297473700879847,0.14808330059437302,0.03955104280085791,0.639352077419318,0.7961165048543689,0.7579908675799086,0.8095890410958904,0.7554550593555681,0.8493150684931506,0.6666666666666666
frozen,4,2,43,103,11,23,0.23927331410703204,0.5703482575786923,0.33107494347166033,0.009432446761500268,0.9425127862147915,0.7864077669902912,0.7511415525114156,0.8164383561643835,0.7461917562724014,0.8356164383561644,0.6666666666666666
frozen,4,2,44,103,6,18,0.5109551258030391,0.5452293117069503,0.03427418590391118,0.019695174822672492,0.8626169559446354,0.7766990291262136,0.7344748858447488,0.795433789954338,0.7321650650084794,0.8356164383561644,0.6333333333333333
adapt,0,0,42,105,7,19,0.32335225172886034,0.6824814796447753,0.359129227915915,0.009360468605669534,1.1842754715964907,0.6476190476190476,0.6843940714908456,0.7114210985178727,0.6343529411764706,0.5945945945945946,0.7741935483870968
adapt,0,0,43,105,5,17,0.47750869873093393,0.5966356232052757,0.11912692447434181,0.013667293606189693,1.044413651738848,0.7238095238095238,0.7009590235396688,0.7258064516129032,0.6870181930311441,0.7567567567567568,0.6451612903225806
adapt,0,0,44,105,22,34,0.007492130336056395,1.3348336055165246,1.3273414751804682,0.0034059780331828246,1.4060984228338513,0.7428571428571429,0.6582388840453357,0.7140366172624236,0.6674486803519062,0.8648648648648649,0.45161290322580644
adapt,0,1,42,103,11,23,0.10796376623681202,0.7605983831928772,0.6526346169560652,0.00688760173799479,1.1764025005322059,0.7378640776699029,0.6972602739726027,0.7461187214611872,0.6913086913086912,0.7945205479452054,0.6
adapt,0,1,43,103,6,18,0.40254085608150647,0.6386054187145048,0.23606456263299835,0.011180941865819952,1.263933678853859,0.6699029126213593,0.6689497716894977,0.7146118721461187,0.6414823914823915,0.6712328767123288,0.6666666666666666
adapt,0,1,44,103,8,20,0.25269109320237443,0.683146609554013,0.43045551635163853,0.007192460124961276,1.1359193921089172,0.7184466019417476,0.732648401826484,0.7255707762557078,0.6959796437659033,0.6986301369863014,0.7666666666666667
adapt,0,2,42,102,6,18,0.4944013540561383,0.5023269945499944,0.007925640493856134,0.009495825497791745,0.9725622438332614,0.7647058823529411,0.7732640529050543,0.8228625413320737,0.7390191897654584,0.7534246575342466,0.7931034482758621
adapt,0,2,43,102,8,20,0.3079950654735932,0.4992617824498345,0.1912667169762413,0.006453174121606235,0.8471419048659942,0.7647058823529411,0.7524799244213509,0.8318375059045819,0.7312252964426877,0.7808219178082192,0.7241379310344828
adapt,0,2,44,102,10,22,0.17971467370024094,0.5415249589611503,0.3618102852609093,0.0045795875888031265,1.0235420170733158,0.8137254901960784,0.7555503070382616,0.8294756731223429,0.7635143380109823,0.8904109589041096,0.6206896551724138
adapt,1,0,42,105,5,17,0.5010885990760177,0.6145778355144319,0.11348923643841424,0.01826357036145125,1.0956503908194246,0.7142857142857143,0.7129468177855275,0.7571926765475152,0.6870031796502385,0.7162162162162162,0.7096774193548387
adapt,1,0,43,105,6,18,0.42796815118351994,0.6341991543769836,0.20623100319346366,0.01714050816596994,1.1594439460142028,0.7523809523809524,0.7024847428073235,0.7375762859633828,0.7024847428073235,0.8243243243243243,0.5806451612903226
adapt,1,0,44,105,13,25,0.06963526345969398,0.8372550521445061,0.7676197886848122,0.006293708555274395,1.1660412347384927,0.780952380952381,0.7227550130775937,0.7406277244986922,0.7289258053653609,0.8648648648648649,0.5806451612903226
adapt,1,1,42,104,8,20,0.3244138222474318,0.5487447071533936,0.2243308849059618,0.0063260173281798,0.9930805678551013,0.7980769230769231,0.7590090090090089,0.7954954954954955,0.7564402810304449,0.8513513513513513,0.6666666666666666
adapt,1,1,43,104,7,19,0.36796296445223003,0.5766959213293515,0.2087329568771215,0.01338791369030682,0.8891487843715228,0.8076923076923077,0.7756756756756756,0.7833333333333333,0.7702165267344233,0.8513513513513513,0.7
adapt,1,1,44,104,7,19,0.33267934505756086,0.5814206210466532,0.2487412759890923,0.005891904145335922,1.286405973852827,0.7692307692307693,0.7486486486486486,0.7725225225225226,0.7336747759282971,0.7972972972972973,0.7
adapt,1,2,42,103,11,23,0.10763647763780429,0.7321165742226017,0.6244800965847974,0.005713025302933663,1.1748891562512778,0.7572815533980582,0.7011415525114155,0.7456621004566211,0.7031015796148968,0.8356164383561644,0.5666666666666667
adapt,1,2,43,103,5,17,0.4844748397763266,0.6121116639340966,0.12763682415776995,0.013937735480020206,1.302786139319244,0.7087378640776699,0.7061643835616438,0.7292237442922375,0.6797263681592041,0.7123287671232876,0.7
adapt,1,2,44,103,10,22,0.11918797661242873,0.6436458773983335,0.5244579007859047,0.0028555480302110956,1.1358349630699573,0.7864077669902912,0.7413242009132419,0.8018264840182648,0.7413242009132419,0.8493150684931506,0.6333333333333333
adapt,2,0,42,105,14,26,0.053384278293537056,0.6150226400012062,0.5616383617076691,0.004706103378312959,0.8880293969597135,0.819047619047619,0.7497820401046208,0.7807323452484742,0.7659824046920821,0.918918918918919,0.5806451612903226
adapt,2,0,43,105,17,29,0.016945848380921832,0.95732446121318,0.9403786128322582,0.0035651698978482814,1.2109490299508685,0.8095238095238095,0.7336530078465562,0.7262423714036617,0.7507122507122508,0.918918918918919,0.5483870967741935
adapt,2,0,44,105,9,21,0.22598145563821287,0.580902556010655,0.3549211003724421,0.004018102619563036,1.009396803135141,0.7714285714285715,0.7253705318221447,0.7576285963382737,0.7253705318221447,0.8378378378378378,0.6129032258064516
adapt,2,1,42,104,2,14,0.6484278761423551,0.6312359754855816,-0.01719190065677345,0.02918029952651033,1.1205333310824175,0.7019230769230769,0.6815315315315316,0.7468468468468468,0.6638515274736733,0.7297297297297297,0.6333333333333333
adapt,2,1,43,104,6,18,0.42086480959103656,0.6287939617267022,0.20792915213566565,0.007895067920729231,1.5213413490698888,0.6442307692307693,0.6509009009009008,0.7193693693693693,0.6185188856944581,0.6351351351351351,0.6666666666666666
adapt,2,1,44,104,10,22,0.05380199383944273,1.098836545760815,1.0450345519213722,0.0031919750170065807,1.454266905784607,0.7980769230769231,0.7094594594594594,0.7175675675675676,0.7272386661671038,0.918918918918919,0.5
adapt,2,2,42,103,9,21,0.34968295016072015,0.6660183048942714,0.31633535473355123,0.011233949540829081,0.905464331212553,0.7087378640776699,0.6472602739726028,0.7159817351598173,0.6472602739726028,0.7945205479452054,0.5
adapt,2,2,43,103,10,22,0.2825429955738013,0.5730697862731601,0.2905267906993588,0.0074848519843160825,1.016747073641101,0.7184466019417476,0.7522831050228311,0.7940639269406392,0.702282467856075,0.6712328767123288,0.8333333333333334
adapt,2,2,44,103,8,20,0.36070762539023987,0.566217091477033,0.20550946608679316,0.01033445405796099,0.8292371849122556,0.8058252427184466,0.7550228310502283,0.8036529680365296,0.7600186393289842,0.8767123287671232,0.6333333333333333
adapt,3,0,42,105,18,30,0.011635706536113642,0.8813652254995845,0.8697295189634708,0.0030259849333490888,1.1295611106125372,0.780952380952381,0.7414995640802092,0.8007846556233653,0.7392290249433107,0.8378378378378378,0.6451612903225806
adapt,3,0,43,105,10,22,0.1334524302241894,0.6750816668073336,0.5416292365831442,0.004044257995421783,1.2964405726186843,0.8,0.7362685265911073,0.8068875326939843,0.7471620227038184,0.8918918918918919,0.5806451612903226
adapt,3,0,44,105,5,17,0.5017358695085232,0.5705001859437852,0.06876431643526193,0.011009656071949463,0.9997530698465804,0.7238095238095238,0.7384481255448998,0.7755013077593723,0.7026657552973342,0.7027027027027027,0.7741935483870968
adapt,3,1,42,105,6,18,0.37922955419008547,0.6359127236264093,0.2566831694363238,0.0077502855834049676,1.3886608758143015,0.6857142857142857,0.6739319965126417,0.7166521360069747,0.6535346465353464,0.7027027027027027,0.6451612903225806
adapt,3,1,43,105,5,17,0.43409915898854917,0.5746016679775148,0.1405025089889656,0.00965584425900418,1.4353879864105865,0.6857142857142857,0.6739319965126417,0.7632955536181342,0.6535346465353464,0.7027027027027027,0.6451612903225806
adapt,3,1,44,105,6,18,0.3146822011241546,0.5930281412033808,0.27834594007922614,0.005754614508567521,1.3674794507168588,0.6952380952380952,0.699433304272014,0.7811682650392328,0.6700706991358995,0.6891891891891891,0.7096774193548387
adapt,3,2,42,103,3,15,0.6174735699381148,0.5608273345289878,-0.056646235409126944,0.019277552062911648,0.6475383286337251,0.8058252427184466,0.7844748858447488,0.8392694063926941,0.7733274647887324,0.8356164383561644,0.7333333333333333
adapt,3,2,43,103,13,25,0.04146656124364762,0.6367935700323976,0.5953270087887499,0.003469853852653787,0.8753080634237493,0.7961165048543689,0.8070776255707763,0.8210045662100457,0.7743348982785603,0.7808219178082192,0.8333333333333334
adapt,3,2,44,103,16,28,0.010153096382107053,0.5892597643785107,0.5791066679964036,0.0021984138503848088,0.7129819649226458,0.8640776699029126,0.8353881278538813,0.8785388127853881,0.8353881278538813,0.9041095890410958,0.7666666666666667
adapt,4,0,42,105,13,25,0.05911775015724393,0.6404016267685663,0.5812838766113223,0.004369397670066414,0.8904043555259704,0.780952380952381,0.7321272885789014,0.7855274629468179,0.7342942017823744,0.8513513513513513,0.6129032258064516
adapt,4,0,43,105,11,23,0.13343213591724634,0.508256456894534,0.3748243209772877,0.004065190900851471,0.8765230851264537,0.7714285714285715,0.7628596338273758,0.8374019180470793,0.7428571428571429,0.7837837837837838,0.7419354838709677
adapt,4,0,44,105,11,23,0.13234443661685175,0.5816232252688635,0.4492787886520117,0.005573810669235312,0.9195587334533533,0.780952380952381,0.750871839581517,0.7925021795989539,0.7437665782493369,0.8243243243243243,0.6774193548387096
adapt,4,1,42,105,10,22,0.22885533092686763,0.9411881619266101,0.7123328309997425,0.007027426125625005,1.4583285436377904,0.638095238095238,0.6588927637314734,0.6730601569311246,0.6198551829268293,0.6081081081081081,0.7096774193548387
adapt,4,1,43,105,8,20,0.2901087095244573,0.7620469798644384,0.4719382703399811,0.007084174874202849,1.3265088150676871,0.7238095238095238,0.6822144725370531,0.6996512641673933,0.676923076923077,0.7837837837837838,0.5806451612903226
adapt,4,1,44,105,11,23,0.05545746314769181,1.0283821186427737,0.9729246554950819,0.0036593818266947684,1.6114155233887557,0.7238095238095238,0.691586748038361,0.7179598953792503,0.6821834881536374,0.7702702702702703,0.6129032258064516
adapt,4,2,42,103,11,23,0.2554275969664256,0.5823704056369449,0.3269428086705193,0.010693182066703836,0.8717980896963656,0.7864077669902912,0.7315068493150685,0.795890410958904,0.7360205032618825,0.863013698630137,0.6
adapt,4,2,43,103,9,21,0.2514542159580049,0.5058939367243387,0.2544397207663338,0.005506524079967112,1.0070235344391425,0.7572815533980582,0.7600456621004567,0.8397260273972604,0.7313510693792384,0.7534246575342466,0.7666666666666667
adapt,4,2,44,103,9,21,0.1911266095404114,0.5746890743380612,0.38356246479764977,0.007015656001333679,0.8582317464559981,0.7961165048543689,0.7383561643835617,0.8287671232876711,0.7453196750264923,0.8767123287671232,0.6
multi,0,0,42,105,14,26,0.05862048619949236,1.0122670437608445,0.9536465575613522,0.003553389199078083,1.4395956143204656,0.6761904761904762,0.6765475152571927,0.6870095902353966,0.6494501178318932,0.6756756756756757,0.6774193548387096
multi,0,0,43,105,5,17,0.48027244515535306,0.5960495789845784,0.11577713382922539,0.014522969527397215,0.9662024939698832,0.7047619047619048,0.6687009590235398,0.7244986922406278,0.660265108026302,0.7567567567567568,0.5806451612903226
multi,0,0,44,105,20,32,0.011622474215379576,1.178612156141372,1.1669896819259924,0.0038466816273994924,1.3141252486478714,0.7428571428571429,0.6676111595466434,0.7375762859633826,0.6749226006191951,0.8513513513513513,0.4838709677419355
multi,0,1,42,103,11,23,0.14589999695331002,0.6863705165756558,0.5404705196223458,0.00803448148926603,1.2183550030571744,0.7378640776699029,0.7070776255707762,0.7543378995433789,0.6965630114566285,0.7808219178082192,0.6333333333333333
multi,0,1,43,103,8,20,0.3134569614981684,0.7117022206482378,0.3982452591500695,0.011511995489731575,1.3050165827413207,0.6213592233009708,0.673972602739726,0.7118721461187214,0.6119965227470299,0.547945205479452,0.8
multi,0,1,44,103,7,19,0.3543450443640999,0.6224690261975075,0.26812398183340763,0.012926496961266522,1.0192666134787995,0.7475728155339806,0.7237442922374429,0.7406392694063927,0.7101731601731602,0.7808219178082192,0.6666666666666666
multi,0,2,42,102,6,18,0.5053125963761256,0.5002559031925949,-0.005056693183530636,0.012670365860685706,0.8962749545188511,0.7745098039215687,0.7801133679735475,0.8271138403401038,0.7481481481481481,0.7671232876712328,0.7931034482758621
multi,0,2,43,102,14,26,0.025432456741467692,0.7313241461912791,0.7058916894498114,0.0030079728570014527,1.0491049763034372,0.7450980392156863,0.7179971658006613,0.778932451582428,0.7040178571428571,0.7808219178082192,0.6551724137931034
multi,0,2,44,102,6,18,0.5216664465574118,0.5323605893873701,0.010694142829958286,0.011263790835912984,1.027244868889159,0.7843137254901961,0.7453944260746339,0.7987718469532357,0.7402777777777778,0.8356164383561644,0.6551724137931034
multi,1,0,42,105,8,20,0.34835254426163753,0.6390669714836847,0.2907144272220472,0.014342382172311562,1.141370546356553,0.6857142857142857,0.6926765475152572,0.7698343504795118,0.6616541353383458,0.6756756756756757,0.7096774193548387
multi,1,0,43,105,6,18,0.44699964935076986,0.6242665262449355,0.17726687689416565,0.03354859978392504,1.1321957736497834,0.7333333333333333,0.726460331299041,0.7367044463818657,0.7041062801932367,0.7432432432432432,0.7096774193548387
multi,1,0,44,105,21,33,0.01610199308724723,0.987895579885004,0.9717935867977567,0.005150784778854121,1.22282408798277,0.7714285714285715,0.6972537053182215,0.7611159546643418,0.7077922077922078,0.8783783783783784,0.5161290322580645
multi,1,1,42,104,8,20,0.3655102837544221,0.5682606674157656,0.20275038366134351,0.008988024183334066,1.0920817680083788,0.8076923076923077,0.7459459459459459,0.777927927927928,0.755639097744361,0.8918918918918919,0.6
multi,1,1,43,104,15,27,0.06357287035252039,0.5516534172571622,0.4880805469046418,0.006006260268175258,0.898740699658027,0.8461538461538461,0.8027027027027027,0.8400900900900901,0.8087356321839081,0.9054054054054054,0.7
multi,1,1,44,104,12,24,0.057177803049293846,1.035873972166043,0.9786961691167492,0.005144663343134408,1.3923579289291341,0.7980769230769231,0.7292792792792793,0.7238738738738739,0.740463458110517,0.8918918918918919,0.5666666666666667
multi,1,2,42,103,10,22,0.21726995303727795,0.7032854241653553,0.4860154711280774,0.010925590619890456,1.0956593824243082,0.7572815533980582,0.691324200913242,0.7470319634703196,0.6968091369363005,0.8493150684931506,0.5333333333333333
multi,1,2,43,103,2,14,0.6689387645447653,0.6268932014993094,-0.042045563045455925,0.06625618969210598,1.394306034753913,0.7184466019417476,0.7031963470319634,0.7200913242009132,0.684015656405374,0.7397260273972602,0.6666666666666666
multi,1,2,44,103,10,22,0.1346150002125918,0.7100323291079512,0.5754173288953595,0.0030217592940893043,1.183809211604225,0.7864077669902912,0.7413242009132419,0.7849315068493151,0.7413242009132419,0.8493150684931506,0.6333333333333333
multi,2,0,42,105,14,26,0.10794167040626784,0.6201641920067015,0.5122225216004337,0.006089738711876714,0.920110249625785,0.819047619047619,0.7497820401046208,0.7794245858761988,0.7659824046920821,0.918918918918919,0.5806451612903226
multi,2,0,43,105,25,37,0.007383071727474819,0.9570059716657159,0.9496228999382411,0.0033934465384533727,1.1108690718831937,0.8095238095238095,0.743025283347864,0.7397558849171751,0.7564935064935066,0.9054054054054054,0.5806451612903226
multi,2,0,44,105,9,21,0.270305305071499,0.5601591553716433,0.28985385030014427,0.004237253221138808,0.9304228594437951,0.780952380952381,0.7321272885789014,0.7637314734088928,0.7342942017823744,0.8513513513513513,0.6129032258064516
multi,2,1,42,104,12,24,0.12493425106199887,0.8365978277646579,0.711663576702659,0.004589364295288061,1.4190256698773458,0.75,0.6855855855855856,0.686036036036036,0.6891954022988506,0.8378378378378378,0.5333333333333333
multi,2,1,43,104,11,23,0.08331333387356538,1.177003257549726,1.0936899236761606,0.004014019612581111,1.606682216318754,0.7692307692307693,0.6495495495495496,0.6761261261261262,0.6650563607085347,0.9324324324324325,0.36666666666666664
multi,2,1,44,104,4,16,0.5644614616265664,0.6051433086395264,0.04068184701295996,0.009696985138222002,1.4291250545244951,0.7019230769230769,0.7112612612612612,0.7405405405405405,0.6767919799498747,0.6891891891891891,0.7333333333333333
multi,2,2,42,103,11,23,0.2824137447553388,0.5980723861930439,0.3156586414377051,0.010603574161700744,0.921844076763079,0.7087378640776699,0.7159817351598173,0.7707762557077625,0.6836609336609336,0.6986301369863014,0.7333333333333333
multi,2,2,43,103,9,21,0.4264027638868852,0.5668049906064005,0.14040222671951536,0.009149339304051617,1.3310245136612828,0.6893203883495146,0.7219178082191782,0.7890410958904109,0.6730158730158731,0.6438356164383562,0.8
multi,2,2,44,103,18,30,0.014492932938787926,0.939360934409123,0.9248680014703351,0.002786680994751422,1.1949291378259659,0.7961165048543689,0.7383561643835617,0.8182648401826484,0.7453196750264923,0.8767123287671232,0.6
multi,3,0,42,105,12,24,0.11816374534884325,0.7030990049420368,0.5849352595931936,0.005629960581875191,1.1105726981845996,0.780952380952381,0.7227550130775937,0.8051438535309503,0.7289258053653609,0.8648648648648649,0.5806451612903226
multi,3,0,43,105,8,20,0.3166284139912862,0.5740893422138124,0.25746092822252614,0.006487948457316424,1.0807448037434368,0.7714285714285715,0.6972537053182215,0.7916303400174368,0.7077922077922078,0.8783783783783784,0.5161290322580645
multi,3,0,44,105,22,34,0.0060524781091282,1.1665253888485798,1.1604729107394516,0.002446537526199021,1.3556882967486412,0.780952380952381,0.713382737576286,0.7646033129904096,0.7230822153422772,0.8783783783783784,0.5483870967741935
multi,3,1,42,105,5,17,0.49403001081485015,0.6059443023942765,0.1119142915794264,0.015624932300012846,1.3858709612062998,0.6571428571428571,0.6724062772449869,0.7327811682650393,0.6365384615384615,0.6351351351351351,0.7096774193548387
multi,3,1,43,105,4,16,0.4890637414959761,0.6053900461821329,0.11632630468615679,0.01603968082837617,0.9814825583426725,0.7333333333333333,0.6608544027898866,0.7489102005231038,0.6665154264972777,0.8378378378378378,0.4838709677419355
multi,3,1,44,105,7,19,0.3673382109174362,0.5849156225011463,0.21757741158371008,0.007918039820371913,1.4131065257958004,0.7428571428571429,0.7144725370531821,0.7759372275501307,0.7041018682809728,0.7837837837837838,0.6451612903225806
multi,3,2,42,103,9,21,0.2897989744941393,0.4768430327327506,0.18704405823861125,0.007308742834166402,0.7442571225675564,0.7572815533980582,0.7894977168949772,0.8680365296803654,0.740763112856136,0.7123287671232876,0.8666666666666667
multi,3,2,43,103,8,20,0.3556777765353521,0.5173547337356122,0.16167695720026015,0.010291688824959453,0.8263207527908306,0.7961165048543689,0.7776255707762556,0.8292237442922373,0.7639934533551556,0.821917808219178,0.7333333333333333
multi,3,2,44,103,11,23,0.11612088180014066,0.4633813778173576,0.347260496017217,0.00522325923222871,0.7171956753557168,0.8349514563106796,0.8344748858447488,0.8762557077625571,0.8119832492215183,0.8356164383561644,0.8333333333333334
multi,4,0,42,105,13,25,0.12140303305708446,0.5567229356084551,0.43531990255137065,0.007525095169862302,0.84071744737171,0.7619047619047619,0.7373583260680034,0.8012205754141237,0.7260202484083081,0.7972972972972973,0.6774193548387096
multi,4,0,43,105,17,29,0.01978008672953225,0.6604213748659407,0.6406412881364084,0.0030500786043166253,0.9660251063738196,0.7619047619047619,0.7279860505666957,0.7968613775065388,0.7214854111405835,0.8108108108108109,0.6451612903225806
multi,4,0,44,105,15,27,0.06276904798757571,0.5505670436791011,0.48779799569152543,0.005578473299885025,0.7773631762181009,0.819047619047619,0.7872711421098518,0.8343504795117698,0.7845804988662131,0.8648648648648649,0.7096774193548387
multi,4,1,42,105,13,25,0.07858697346483286,0.9353440898869719,0.856757116422139,0.007820855056007322,1.3963559434072867,0.7047619047619048,0.6780732345248475,0.7048823016564951,0.6654332408263953,0.7432432432432432,0.6129032258064516
multi,4,1,43,105,9,21,0.24305527614286312,0.7075827502069019,0.4645274740640387,0.008867792113540838,1.4128159681423789,0.7523809523809524,0.7024847428073235,0.7162162162162162,0.7024847428073235,0.8243243243243243,0.5806451612903226
multi,4,1,44,105,9,21,0.12768161626389393,0.9178169887512923,0.7901353724873983,0.007029550669428248,1.5830801243979729,0.6666666666666666,0.6604184829991282,0.7096774193548386,0.6370370370370371,0.6756756756756757,0.6451612903225806
multi,4,2,42,103,12,24,0.25004524219603763,0.5442025545731332,0.2941573123770955,0.010632811848162895,0.8264092695944517,0.7572815533980582,0.7207762557077626,0.8118721461187214,0.7141747141747141,0.8082191780821918,0.6333333333333333
multi,4,2,43,103,4,16,0.560693727788471,0.6086503961711254,0.04795666838265433,0.027382175633240313,0.8238055179420026,0.7766990291262136,0.7344748858447488,0.7447488584474885,0.7321650650084794,0.8356164383561644,0.6333333333333333
multi,4,2,44,103,12,24,0.10715373752727395,0.6881060938811997,0.5809523563539257,0.006001697629246684,0.9100086532750176,0.7961165048543689,0.7481735159817351,0.8027397260273972,0.7506053268765133,0.863013698630137,0.6333333333333333
