outer,inner,representation,disease_probe_ba,disease_probe_auroc,disease_centroid_ba,disease_silhouette_euclidean,disease_silhouette_cosine,domain_probe_auc,normalized_mean_shift,coral_covariance_shift,pd_centroid_drift,dd_centroid_drift
0,0,str_combined,0.6272159256030224,0.6907875617553035,0.6187154896832315,0.022115851752460003,0.02679373323917389,0.6644280780252229,0.12431337187687556,0.505561605836423,2.7884678840637207,9.218950907389322
0,0,str_structured,0.6235832606800349,0.6948561464690498,0.6173350770124965,0.01432525273412466,0.030646088843544323,0.6198245531645025,0.12012642870346706,0.44418176144036153,1.9699149926503499,5.016623814900716
0,0,str_subject,0.6169718105201976,0.6451612903225806,0.6074542284219704,0.027346774314840634,0.02271439243728916,0.6358205845097028,0.12639763951301575,0.458409806522762,1.9710921843846638,7.6601182619730634
0,0,v8_subject,0.6084713746004069,0.6245277535600117,0.5989537925021796,0.030687840655446053,0.031053398735821247,0.7357445186822719,0.13238501052061716,0.5376890647766734,2.882437984148661,10.97602399190267
0,1,str_combined,0.658675799086758,0.6905631659056316,0.64337899543379,0.047362403323253,0.023948064694801968,0.7061578862899802,0.10869310299555461,0.46482717677019614,4.144125779469808,7.297470569610596
0,1,str_structured,0.6616438356164384,0.693607305936073,0.6302891933028919,0.04885061333576838,0.024205454004307587,0.6165060468631897,0.11416885753472646,0.454077888948079,2.688366731007894,4.443661292394002
0,1,str_subject,0.6197869101978691,0.6563165905631659,0.6365296803652968,0.044274006659785904,0.02462069659183423,0.7163500605721742,0.10438422362009685,0.40203191443271474,3.0885372956593833,5.760745048522949
0,1,v8_subject,0.6060882800608828,0.6687975646879756,0.6345509893455099,0.03339846804738045,0.025861153689523537,0.7492868532496711,0.11153496553500493,0.4535534989273593,3.665552854537964,6.68351952234904
0,2,str_combined,0.593686033695481,0.6937490159030074,0.6695795937647615,0.050749748945236206,0.04153349126378695,0.5813353717036295,0.12202888230482738,0.47911745724632326,3.283022085825602,5.588823477427165
0,2,str_structured,0.6581640686506063,0.7164226106125019,0.6777672807431901,0.04820768845578035,0.04705838362375895,0.5470204550118573,0.1228210876385371,0.4224751567800061,2.2600440184275308,3.019805351893107
0,2,str_subject,0.5697527948354589,0.6189576444654384,0.6363564792945993,0.05406717707713445,0.03952535490194956,0.6056460156563147,0.12114059925079346,0.45145258258028903,2.3732000986735025,4.702516555786133
0,2,v8_subject,0.6167532672020154,0.6795780192095734,0.641867422453157,0.05376519511143366,0.04114339003960291,0.6273173174011597,0.12181326001882553,0.4774798288307969,2.2884771823883057,5.297436237335205
1,0,str_combined,0.6313571636152281,0.6797442603894218,0.6173350770124963,0.034420402720570564,0.03604183221856753,0.6763852067999534,0.12009812891483307,0.5877056582845859,3.449430227279663,8.892326513926188
1,0,str_structured,0.6514821272885789,0.7095321127579192,0.615954664341761,0.027716557184855144,0.0350904855877161,0.6089204906025182,0.11527744432290395,0.49271122638808246,2.0835366249084473,4.294745047887166
1,0,str_subject,0.5594303981400756,0.6054925893635571,0.6164632374309794,0.042665109504014254,0.04040063234666983,0.6850909994919211,0.1229688103000323,0.5347069870361792,2.7393939097722373,7.764497598012288
1,0,v8_subject,0.5481691368788143,0.5652426620168556,0.6043301365882011,0.04648268719514211,0.03470861601332823,0.6531628402596145,0.11202557384967804,0.5078050294634902,3.296027938524882,8.554053783416748
1,1,str_combined,0.651951951951952,0.7216216216216216,0.6872372372372372,0.040122496585051216,0.02740877556304137,0.6909615537250198,0.1181109646956126,0.5185627953811881,3.8791499932607016,7.304304917653401
1,1,str_structured,0.6641141141141141,0.7602102102102103,0.6864864864864865,0.04632997388641039,0.025395759070912998,0.6514145460281292,0.11742888887723286,0.4512953492954726,2.049683173497518,3.7023682594299316
1,1,str_subject,0.5906906906906907,0.651951951951952,0.6761261261261261,0.03810191589097182,0.030523785079518955,0.694525874151167,0.11830593645572662,0.47246624923720626,3.271943728129069,6.289308230082194
1,1,v8_subject,0.5626126126126126,0.6294294294294295,0.6614114114114115,0.05359189227844278,0.028844422039886315,0.6218799260953828,0.11886758357286453,0.48214583351496837,2.3860291242599487,4.891542434692383
1,2,str_combined,0.6377473363774734,0.7223744292237443,0.6123287671232877,0.025365548208355904,0.020608179581662018,0.5943258383018096,0.10443632304668427,0.45731404708466483,3.4110426108042398,8.968065738677979
1,2,str_structured,0.6289193302891932,0.7375951293759514,0.6028158295281583,0.025262263293067615,0.027264959489305813,0.5640198361397553,0.09626923998196919,0.38208784680095786,1.9042344093322754,4.629595915476481
1,2,str_subject,0.6387366818873668,0.6757990867579907,0.5989345509893454,0.027451952453702688,0.01894674450159073,0.585684145857063,0.10798389961322148,0.43959311686193886,2.8062930901845298,7.6310194333394366
1,2,v8_subject,0.6582952815829528,0.6867579908675797,0.6028158295281583,0.03828641586005688,0.022317425347864628,0.6789426806100959,0.10587690025568008,0.5483740433273371,3.8950478235880532,9.79161008199056
2,0,str_combined,0.6203138622493461,0.6868642836384771,0.6431996512641674,0.03921181087692579,0.03483586044361194,0.7097515553736752,0.11636625975370407,0.4528233885405753,4.404189745585124,7.721690972646077
2,0,str_structured,0.6352077884335948,0.6910781749491427,0.6346992153443766,0.028188473234574,0.02010665275156498,0.6827463243361862,0.12370144079128902,0.3780538154748958,2.7076958815256753,4.716485579808553
2,0,str_subject,0.6288142981691368,0.6797442603894216,0.6624527753560011,0.045923637226223946,0.042789895087480545,0.6591263910388334,0.11096648623545964,0.4143186130345506,3.4661854108174643,6.107156753540039
2,0,v8_subject,0.6289596047660564,0.7182505085730893,0.6643417611159547,0.03932300303131342,0.044282663613557816,0.6284156440838468,0.12374681731065114,0.5265294379754394,3.27498451868693,6.195823907852173
2,1,str_combined,0.631981981981982,0.6890390390390392,0.6339339339339339,0.05750304336349169,0.03673133005698522,0.6834000444070701,0.10123531023661296,0.591335119811886,3.850637992223104,7.606369177500407
2,1,str_structured,0.6509009009009009,0.6942942942942943,0.6687687687687688,0.054815965394179024,0.045786253487070404,0.6317798896253229,0.0943599467476209,0.4642093222767716,1.9114664395650227,3.819176276524862
2,1,str_subject,0.5818318318318318,0.6238738738738739,0.6172672672672673,0.06094297766685486,0.03047232950727145,0.6948884649118842,0.10563320169846217,0.5718077882169477,3.334634780883789,6.560413360595703
2,1,v8_subject,0.546996996996997,0.6067567567567568,0.601951951951952,0.0782944659392039,0.038941570868094764,0.5523128849826742,0.11756753921508789,0.5193166894130217,2.382450977961222,4.742009957631429
2,2,str_combined,0.649847792998478,0.7310502283105024,0.6462709284627093,0.03830413147807121,0.03166967568298181,0.5832140865320744,0.10482791562875111,0.4830233090187041,2.9851940472920737,6.228516737620036
2,2,str_structured,0.6828767123287672,0.7421613394216133,0.6619482496194825,0.016995165807505448,0.029058610399564106,0.5465103324748507,0.1053469826777776,0.42780449137107235,1.5541714429855347,3.6097386678059897
2,2,str_subject,0.6080669710806696,0.6445966514459666,0.6178843226788433,0.05431210249662399,0.033531904220581055,0.5902331086981885,0.1044512689113617,0.4211115257626861,2.5453169345855713,5.068610668182373
2,2,v8_subject,0.6433028919330289,0.6692541856925418,0.6397260273972603,0.062160866955916085,0.055611097564299904,0.6870824170229065,0.10951655109723409,0.5006633649305621,3.132221221923828,8.10304037729899
3,0,str_combined,0.6724789305434467,0.6973263586166812,0.6655768671897704,0.02603687159717083,0.02999407115081946,0.7444069113631704,0.12609098354975382,0.6043258405317128,4.455267906188965,8.38068946202596
3,0,str_structured,0.6653589072943912,0.7220284800929962,0.6660854402789886,0.02548129701366027,0.03162370249629021,0.7015656749357739,0.1166391372680664,0.4388217869763269,2.3370583852132163,4.859921455383301
3,0,str_subject,0.6315751235106074,0.6303400174367916,0.6395669863411798,0.02682451189806064,0.026407188425461452,0.7178075964998983,0.1320340484380722,0.5688451538944085,3.791828473409017,6.704906304677327
3,0,v8_subject,0.6145742516710259,0.6384771868642836,0.6437082243533857,0.03235539856056372,0.028677437144021194,0.6830135048764648,0.1329387625058492,0.5477396346909862,3.7854385375976562,6.513865311940511
3,1,str_combined,0.6433449578610869,0.6890438825922697,0.5979366463237431,0.031814051792025566,0.02193182272215684,0.5360614853513547,0.08743658413489659,0.41909622716295347,2.760920842488607,6.586026032765706
3,1,str_structured,0.6293228712583551,0.6752397558849171,0.5684394071490846,0.02390182577073574,0.01875299960374832,0.5599494637040908,0.09069020797808965,0.38865078807739545,1.6761452754338582,3.771137555440267
3,1,str_subject,0.605201976169718,0.6425457715780296,0.605565242662017,0.0374864029387633,0.02390119091918071,0.5490010402377252,0.08498804022868474,0.3801136492528639,2.182206392288208,5.374652703603108
3,1,v8_subject,0.6289596047660564,0.6843940714908457,0.6194420226678291,0.03546991509695848,0.027415965373317402,0.5591700308214623,0.10086340457201004,0.3839734995337449,2.15574312210083,4.974347114562988
3,2,str_combined,0.7315068493150685,0.7707762557077626,0.6952815829528158,0.04783631985386213,0.043342643727858864,0.6116060492662349,0.11456910769144694,0.5055218494376917,3.144537607828776,6.834530353546143
3,2,str_structured,0.6579908675799087,0.7499238964992389,0.6592846270928462,0.04082654416561127,0.042496142288049064,0.6035006946849634,0.12382594496011734,0.4448671257990797,1.8768776655197144,4.548596143722534
3,2,str_subject,0.6707762557077626,0.7343987823439879,0.6780060882800608,0.05261104181408882,0.043957273165384926,0.5848884788456153,0.10764136413733165,0.4540504756078194,2.4965964953104653,5.0375800132751465
3,2,v8_subject,0.6436834094368341,0.6948249619482496,0.6659056316590563,0.07891880845030148,0.05295640478531519,0.5579751757944423,0.10022723178068797,0.40866065953678216,2.3037399450937905,5.053619225819905
4,0,str_combined,0.6625980819529207,0.7204301075268816,0.6553327521069456,0.03930514554182688,0.03705519437789917,0.624647643250801,0.09196979304154713,0.4430452276039723,2.7938249905904136,6.138556321461995
4,0,str_structured,0.7007410636442893,0.7433885498401628,0.6837401918047079,0.0420298141737779,0.041564613580703735,0.6173003019531689,0.08417616287867229,0.3662248318513141,1.8239676157633464,3.360557238260905
4,0,str_subject,0.6204591688462656,0.6758209822725952,0.6624527753560011,0.03722573940952619,0.032831000785032906,0.6055197077520866,0.0966328705350558,0.40054330986285697,2.096769412358602,5.11439307530721
4,0,v8_subject,0.6312118570183086,0.6801801801801801,0.6719703574542284,0.05092868457237879,0.036827645575006805,0.5491719662982034,0.10290475934743881,0.43585016282906447,1.9095199902852376,3.477307399113973
4,1,str_combined,0.6468323161871549,0.6732054635280441,0.6175530369078756,0.020978653182586033,0.01343795129408439,0.7083273578891921,0.13087249795595804,0.44330120458758926,5.393628438313802,8.718536853790283
4,1,str_structured,0.637823307178146,0.6604184829991282,0.6171897704155769,0.023489780724048615,0.019906444785495598,0.7292852458108937,0.15918088455994925,0.39281447611599524,3.666203180948893,4.825537045796712
4,1,str_subject,0.6031676838128451,0.6418192385934322,0.5941586748038361,0.019291821556786697,0.010287092377742132,0.6328647661464765,0.10647355020046234,0.4176539854095356,3.9246431986490884,7.185509204864502
4,1,v8_subject,0.5834059866317931,0.6386224934612031,0.5936501017146179,0.026818179214994114,0.009116398946692547,0.5291695336645099,0.11620953927437465,0.36345278624412947,3.7426324685414634,5.738131602605184
4,2,str_combined,0.6894216133942161,0.7398782343987823,0.697564687975647,0.068592203160127,0.04704063882430395,0.6463535010927852,0.12142335871855418,0.47613208815769675,4.0116541385650635,5.911391099294026
4,2,str_structured,0.6495433789954338,0.7168949771689498,0.6452815829528159,0.04956162596742312,0.043157478173573814,0.6172478598793226,0.1277970795830091,0.42744481617555136,2.4471143881479898,3.7491917610168457
4,2,str_subject,0.6449771689497718,0.7074581430745814,0.6764079147640792,0.08193058768908183,0.04907215510805448,0.6270962301231854,0.11597994963328044,0.38035838758844104,3.15708327293396,4.465298573176066
4,2,v8_subject,0.6668188736681887,0.7138508371385083,0.6606544901065449,0.09030232702692349,0.06154233838121096,0.6384082823433244,0.10792021701733272,0.3973347035006533,3.1288297176361084,5.553180694580078
