model,subtype,unique_subjects,prediction_rows,predicted_dd_fraction,predicted_dd_ci95_low,predicted_dd_ci95_high,mean_probability_dd,mean_probability_dd_ci95_low,mean_probability_dd_ci95_high,cluster,iterations,scope
M0,Other Movement Disorders,60,240,0.24583333333333332,0.17083333333333334,0.32916666666666666,0.36044663642533126,0.3161195379200702,0.4079931481721966,subject_id,2000,exploratory_development_inner_cv
M0,Essential Tremor,28,112,0.44642857142857145,0.30357142857142855,0.5982142857142857,0.4611533604662067,0.3752220232135317,0.5482036912073713,subject_id,2000,exploratory_development_inner_cv
M0,Atypical Parkinsonism,15,60,0.06666666666666667,0.0,0.15,0.2423138561969002,0.2069064346856127,0.28276867356151336,subject_id,2000,exploratory_development_inner_cv
M0,Multiple Sclerosis,11,44,0.09090909090909091,0.0,0.22727272727272727,0.2601753402162682,0.1981812792364508,0.3409505941312422,subject_id,2000,exploratory_development_inner_cv
H1,Other Movement Disorders,60,240,0.5458333333333333,0.44583333333333336,0.6459374999999995,0.5408090813636729,0.4511306209786324,0.6346916145542039,subject_id,2000,exploratory_development_inner_cv
H1,Essential Tremor,28,112,0.7589285714285714,0.6160714285714286,0.875,0.7779980332289992,0.6541760284155759,0.8844074269760551,subject_id,2000,exploratory_development_inner_cv
H1,Atypical Parkinsonism,15,60,0.55,0.38333333333333336,0.7166666666666667,0.533413576487153,0.37734849839354107,0.6757851052186421,subject_id,2000,exploratory_development_inner_cv
H1,Multiple Sclerosis,11,44,0.45454545454545453,0.20397727272727278,0.7272727272727273,0.4571127627763276,0.22459562838195163,0.7090854561693025,subject_id,2000,exploratory_development_inner_cv
S0,Other Movement Disorders,60,240,0.39166666666666666,0.30833333333333335,0.4834374999999994,0.43396062654986356,0.3848930023491266,0.48882746741059235,subject_id,2000,exploratory_development_inner_cv
S0,Essential Tremor,28,112,0.625,0.4732142857142857,0.7589285714285714,0.5845724216446148,0.4892379747720302,0.6768419001045652,subject_id,2000,exploratory_development_inner_cv
S0,Atypical Parkinsonism,15,60,0.31666666666666665,0.16666666666666666,0.48333333333333334,0.3704146991794308,0.29750704306333015,0.444228761314104,subject_id,2000,exploratory_development_inner_cv
S0,Multiple Sclerosis,11,44,0.18181818181818182,0.06818181818181818,0.3181818181818182,0.30295603269372473,0.22796482333003287,0.3699287838112053,subject_id,2000,exploratory_development_inner_cv
S1,Other Movement Disorders,60,240,0.4375,0.3541666666666667,0.5291666666666667,0.4529749613662716,0.4022318402475988,0.5098274994336437,subject_id,2000,exploratory_development_inner_cv
S1,Essential Tremor,28,112,0.6339285714285714,0.49107142857142855,0.7678571428571429,0.5826430239623213,0.4842294603494728,0.6762409818541656,subject_id,2000,exploratory_development_inner_cv
S1,Atypical Parkinsonism,15,60,0.3,0.15,0.4666666666666667,0.3726421682678241,0.2909823103159821,0.45528798426811884,subject_id,2000,exploratory_development_inner_cv
S1,Multiple Sclerosis,11,44,0.20454545454545456,0.09090909090909091,0.3409090909090909,0.2989307143302126,0.21898653149361383,0.3730971620894375,subject_id,2000,exploratory_development_inner_cv
S2,Other Movement Disorders,60,240,0.25,0.17916666666666667,0.32916666666666666,0.36351657536191245,0.32025843959534545,0.4097415776304357,subject_id,2000,exploratory_development_inner_cv
S2,Essential Tremor,28,112,0.5267857142857143,0.375,0.6696428571428571,0.4882467425029193,0.4045461303764439,0.571326710066309,subject_id,2000,exploratory_development_inner_cv
S2,Atypical Parkinsonism,15,60,0.05,0.0,0.1,0.2623997506064673,0.2163337187189609,0.3089617451497664,subject_id,2000,exploratory_development_inner_cv
S2,Multiple Sclerosis,11,44,0.11363636363636363,0.0,0.25,0.2939741227521815,0.22166400044542653,0.39095236924053584,subject_id,2000,exploratory_development_inner_cv
S3,Other Movement Disorders,60,240,0.3875,0.29583333333333334,0.48333333333333334,0.406666575363973,0.3426269137849158,0.4727463561588956,subject_id,2000,exploratory_development_inner_cv
S3,Essential Tremor,28,112,0.6428571428571429,0.5,0.7678571428571429,0.5815852903694056,0.47875566359354677,0.6739760684455989,subject_id,2000,exploratory_development_inner_cv
S3,Atypical Parkinsonism,15,60,0.23333333333333334,0.1,0.36666666666666664,0.32194218773705263,0.25147741204826163,0.39562175446500375,subject_id,2000,exploratory_development_inner_cv
S3,Multiple Sclerosis,11,44,0.4090909090909091,0.20454545454545456,0.6363636363636364,0.3759072323083501,0.2642197242141797,0.49831424274227826,subject_id,2000,exploratory_development_inner_cv
