condition,kind,activity,wrist,accuracy_delta,ba_delta,auroc_delta,macro_f1_delta,pd_recall_delta,dd_recall_delta,median_delta,positive_split_count,zero_split_count,negative_split_count,split_sd,ci_low,ci_high
activity_off__CrossArms,activity,CrossArms,both,0.05515216143714141,0.04344041605107932,0.01210088263404732,0.061267885806962644,0.07171006623061414,0.015170765871544511,0.04264748619587327,12,0,3,0.036592961267967926,0.025258120978491394,0.06128256414794727
activity_off__DrinkGlas,activity,DrinkGlas,both,0.0076767017486606155,0.010688670446239716,-0.0007030127328175532,0.011060810836254044,0.0035501254679336644,0.017827215424545784,0.0133942161339421,12,0,3,0.018189795471665476,0.0012490233311617642,0.01919556042549624
activity_off__Entrainment,activity,Entrainment,both,0.0008525031454785953,0.0019013168012817553,3.415257944642663e-05,0.0015521730190766177,-0.0005923731951129223,0.0043950067976764266,0.002252252252252233,8,2,5,0.007030940585934743,-0.0015904473660122876,0.00530013118776507
activity_off__HoldWeight,activity,HoldWeight,both,0.006392337700161797,0.0066106969724383105,0.0012479416805380042,0.006967247300847941,0.006030688222469026,0.007190705722407616,0.004504504504504499,9,1,5,0.010819599176598941,0.0017294706023011437,0.01244078170083471
activity_off__LiftHold,activity,LiftHold,both,0.010885855794479428,0.005123292643672938,0.00013737723278003548,0.00875642418929693,0.01901764778477103,-0.008771062497425115,0.004654654654654567,12,0,3,0.008119040753829614,0.0011713184072578745,0.00894167900129238
activity_off__PointFinger,activity,PointFinger,both,0.006887634648913912,0.014984570869191508,0.0017942328633050134,0.012583690035012638,-0.00447159488255378,0.03444073662093682,0.0156773211567732,12,0,3,0.015301263257799581,0.007942405126262351,0.023121435879629875
activity_off__Relaxed,activity,Relaxed,both,0.0034356389639085246,0.0033026189064100067,0.0007096933433654555,0.003484197376512292,0.0036406269282981507,0.0029646108845218936,0.0,7,3,5,0.006939252516901758,3.350276846700699e-05,0.006831598451270968
activity_off__RelaxedTask,activity,RelaxedTask,both,0.0015082142723490644,0.003021085601730747,0.0013304637473043513,0.0023360802251035442,-0.0006006006006006068,0.006642771804062122,0.0,7,4,4,0.007424059872147372,-0.0005422825609524821,0.0066505001466335666
activity_off__StretchHold,activity,StretchHold,both,0.005973127280951365,0.004438822384027846,0.0005278161273407001,0.0054848690688325975,0.008136904027314963,0.0007407407407407465,0.002252252252252233,11,0,4,0.006845698293189152,0.0011271678218209397,0.007850553160318918
activity_off__TouchIndex,activity,TouchIndex,both,0.0066684982847176,0.020917058585701045,0.006167029936972167,0.015128557130354674,-0.013320169484553033,0.05515428665595515,0.018744551002615434,13,0,2,0.01700654459002327,0.012744542045359563,0.029523344702527796
activity_off__TouchNose,activity,TouchNose,both,0.022928859536512292,0.060712745292872336,0.0350889588599677,0.04983433074931718,-0.030025916327286177,0.1514514069130309,0.05778617540544797,15,0,0,0.029989192880009695,0.046559035867049306,0.07619477537863639
