seed,context,inner,subject_count,cache_ID_aligned,normalization_exact,legacy_independent_fast_logits_exact,archive_probability_max_error,archive_decisions_exact,archive_metrics_exact,state_unchanged,accuracy,ba,auroc,macro_f1,pd_recall,dd_recall
42,0,0,105,True,True,True,1.1102230246251565e-16,True,True,True,0.7047619047619048,0.6780732345248475,0.6974716652136007,0.6654332408263954,0.7432432432432432,0.6129032258064516
43,0,0,105,True,True,True,1.1102230246251565e-16,True,True,True,0.7333333333333333,0.6889712292938099,0.7179598953792502,0.685359589041096,0.7972972972972973,0.5806451612903226
44,0,0,105,True,True,True,1.1102230246251565e-16,True,True,True,0.7047619047619048,0.6499564080209241,0.7105492589363557,0.6485260770975056,0.7837837837837838,0.5161290322580645
42,0,1,103,True,True,True,1.1102230246251565e-16,True,True,True,0.7766990291262136,0.6853881278538813,0.7360730593607306,0.700316255534472,0.9041095890410958,0.4666666666666667
43,0,1,103,True,True,True,1.1102230246251565e-16,True,True,True,0.5922330097087378,0.66324200913242,0.6885844748858447,0.5875286041189931,0.4931506849315068,0.8333333333333334
44,0,1,103,True,True,True,1.1102230246251565e-16,True,True,True,0.7281553398058253,0.6904109589041096,0.7100456621004566,0.6826584507042253,0.7808219178082192,0.6
42,0,2,102,True,True,True,1.1102230246251565e-16,True,True,True,0.7549019607843137,0.7560226735947095,0.8261691072272083,0.7262479871175522,0.7534246575342466,0.7586206896551724
43,0,2,102,True,True,True,1.1102230246251565e-16,True,True,True,0.7745098039215687,0.7385451110061407,0.7770429853566367,0.7310558294164851,0.821917808219178,0.6551724137931034
44,0,2,102,True,True,True,1.1102230246251565e-16,True,True,True,0.803921568627451,0.7590930562116203,0.8049126121870571,0.7590930562116203,0.863013698630137,0.6551724137931034
42,1,0,105,True,True,True,8.326672684688674e-17,True,True,True,0.7333333333333333,0.6889712292938099,0.7445510026155188,0.685359589041096,0.7972972972972973,0.5806451612903226
43,1,0,105,True,True,True,8.326672684688674e-17,True,True,True,0.7523809523809524,0.6931124673060156,0.7210113339145597,0.6966666666666665,0.8378378378378378,0.5483870967741935
44,1,0,105,True,True,True,1.1102230246251565e-16,True,True,True,0.7714285714285715,0.7347428073234525,0.7454228421970357,0.7303082191780823,0.8243243243243243,0.6451612903225806
42,1,1,104,True,True,True,1.1102230246251565e-16,True,True,True,0.7980769230769231,0.7391891891891892,0.7702702702702703,0.7462530498431509,0.8783783783783784,0.6
43,1,1,104,True,True,True,1.1102230246251565e-16,True,True,True,0.7884615384615384,0.7720720720720721,0.7869369369369369,0.755868544600939,0.8108108108108109,0.7333333333333333
44,1,1,104,True,True,True,1.1102230246251565e-16,True,True,True,0.7788461538461539,0.7355855855855855,0.713963963963964,0.7332441173190588,0.8378378378378378,0.6333333333333333
42,1,2,103,True,True,True,1.1102230246251565e-16,True,True,True,0.7961165048543689,0.7285388127853881,0.763013698630137,0.7395544852498495,0.8904109589041096,0.5666666666666667
43,1,2,103,True,True,True,1.1102230246251565e-16,True,True,True,0.6601941747572816,0.6915525114155252,0.7191780821917808,0.6439506172839506,0.6164383561643836,0.7666666666666667
44,1,2,103,True,True,True,1.1102230246251565e-16,True,True,True,0.7766990291262136,0.7246575342465753,0.7643835616438356,0.726853453245705,0.8493150684931506,0.6
42,2,0,105,True,True,True,1.1102230246251565e-16,True,True,True,0.8,0.7362685265911073,0.7441150828247602,0.7471620227038183,0.8918918918918919,0.5806451612903226
43,2,0,105,True,True,True,1.1102230246251565e-16,True,True,True,0.8285714285714286,0.7659110723626853,0.7101133391455972,0.7808441558441558,0.918918918918919,0.6129032258064516
44,2,0,105,True,True,True,1.1102230246251565e-16,True,True,True,0.7523809523809524,0.7024847428073235,0.7458587619877942,0.7024847428073235,0.8243243243243243,0.5806451612903226
42,2,1,104,True,True,True,8.326672684688674e-17,True,True,True,0.6730769230769231,0.6612612612612612,0.7477477477477478,0.6388888888888888,0.6891891891891891,0.6333333333333333
43,2,1,104,True,True,True,1.1102230246251565e-16,True,True,True,0.6634615384615384,0.6743243243243243,0.7225225225225225,0.6391394864677307,0.6486486486486487,0.7
44,2,1,104,True,True,True,8.326672684688674e-17,True,True,True,0.6730769230769231,0.7207207207207207,0.7315315315315315,0.6605222734254992,0.6081081081081081,0.8333333333333334
42,2,2,103,True,True,True,1.1102230246251565e-16,True,True,True,0.6990291262135923,0.6698630136986301,0.7511415525114156,0.6571459250510039,0.7397260273972602,0.6
43,2,2,103,True,True,True,1.1102230246251565e-16,True,True,True,0.7184466019417476,0.7424657534246575,0.7936073059360731,0.6992852109131178,0.684931506849315,0.8
44,2,2,103,True,True,True,1.1102230246251565e-16,True,True,True,0.7572815533980582,0.7502283105022831,0.7844748858447489,0.7275997037977362,0.7671232876712328,0.7333333333333333
42,3,0,105,True,True,True,1.1102230246251565e-16,True,True,True,0.7523809523809524,0.7212292938099389,0.7898866608544028,0.7127525252525252,0.7972972972972973,0.6451612903225806
43,3,0,105,True,True,True,1.1102230246251565e-16,True,True,True,0.7142857142857143,0.7035745422842197,0.7842197035745423,0.6829710144927537,0.7297297297297297,0.6774193548387096
44,3,0,105,True,True,True,1.1102230246251565e-16,True,True,True,0.7047619047619048,0.7155623365300785,0.7436791630340017,0.6821599453178401,0.6891891891891891,0.7419354838709677
42,3,1,105,True,True,True,1.1102230246251565e-16,True,True,True,0.6857142857142857,0.6833042720139494,0.7127288578901482,0.6577777777777778,0.6891891891891891,0.6774193548387096
43,3,1,105,True,True,True,1.1102230246251565e-16,True,True,True,0.7523809523809524,0.7118570183086312,0.8051438535309503,0.7078339041095891,0.8108108108108109,0.6129032258064516
44,3,1,105,True,True,True,1.1102230246251565e-16,True,True,True,0.6761904761904762,0.7046643417611159,0.7768090671316478,0.6598704268292683,0.6351351351351351,0.7741935483870968
42,3,2,103,True,True,True,8.326672684688674e-17,True,True,True,0.8058252427184466,0.7550228310502283,0.8401826484018264,0.7600186393289842,0.8767123287671232,0.6333333333333333
43,3,2,103,True,True,True,1.1102230246251565e-16,True,True,True,0.7766990291262136,0.79337899543379,0.8073059360730593,0.7559995880111237,0.7534246575342466,0.8333333333333334
44,3,2,103,True,True,True,1.1102230246251565e-16,True,True,True,0.8543689320388349,0.8285388127853881,0.8689497716894977,0.8253250423968344,0.8904109589041096,0.7666666666666667
42,4,0,105,True,True,True,1.1102230246251565e-16,True,True,True,0.7523809523809524,0.75871839581517,0.8108108108108109,0.7287360890302067,0.7432432432432432,0.7741935483870968
43,4,0,105,True,True,True,1.1102230246251565e-16,True,True,True,0.780952380952381,0.7321272885789014,0.8260680034873583,0.7342942017823744,0.8513513513513513,0.6129032258064516
44,4,0,105,True,True,True,1.1102230246251565e-16,True,True,True,0.7714285714285715,0.7628596338273758,0.8156059285091544,0.7428571428571429,0.7837837837837838,0.7419354838709677
42,4,1,105,True,True,True,1.1102230246251565e-16,True,True,True,0.7523809523809524,0.6649956408020924,0.6691368788142982,0.6759259259259259,0.8783783783783784,0.45161290322580644
43,4,1,105,True,True,True,1.1102230246251565e-16,True,True,True,0.7142857142857143,0.694202266782912,0.6861377506538797,0.6785714285714286,0.7432432432432432,0.6451612903225806
44,4,1,105,True,True,True,1.1102230246251565e-16,True,True,True,0.7047619047619048,0.6687009590235398,0.6931124673060157,0.6602651080263021,0.7567567567567568,0.5806451612903226
42,4,2,103,True,True,True,1.1102230246251565e-16,True,True,True,0.7961165048543689,0.7579908675799086,0.8095890410958904,0.7554550593555681,0.8493150684931506,0.6666666666666666
43,4,2,103,True,True,True,1.1102230246251565e-16,True,True,True,0.7864077669902912,0.7511415525114156,0.8164383561643835,0.7461917562724014,0.8356164383561644,0.6666666666666666
44,4,2,103,True,True,True,1.1102230246251565e-16,True,True,True,0.7766990291262136,0.7344748858447488,0.7954337899543379,0.7321650650084794,0.8356164383561644,0.6333333333333333
