condition,seed,context,inner,train_epoch_seconds_total,validation_epoch_seconds_total,mean_train_epoch_seconds,mean_validation_epoch_seconds,current_training_prediction_wall_seconds
P0,42,0,0,8.623337227021693,2.605773264032905,0.37492770552268234,0.11329448974056108,
P0,42,0,1,11.181151309006964,3.618505190985161,0.32885739144138126,0.10642662326426944,
P0,42,0,2,8.744175885993172,2.880769662966486,0.33631445715358355,0.1107988331910187,
P0,42,1,0,7.018668453965802,2.4744325669889804,0.3342223073317048,0.1178301222375705,
P0,42,1,1,6.961818653988303,2.385920532004093,0.33151517399944297,0.11361526342876632,
P0,42,1,2,8.460755645981408,2.663199424976483,0.35253148524922534,0.11096664270735346,
P0,42,2,0,14.756713996015606,4.879631852003513,0.34317939525617686,0.1134798105117096,
P0,42,2,1,11.530204295020667,3.6280419420509133,0.34940013015214144,0.10994066491063374,
P0,42,2,2,9.507336597991525,3.0233095539733768,0.3521235777033898,0.11197442792493988,
P0,42,3,0,10.204936291935155,3.869806750997668,0.32919149328823083,0.12483247583863445,
P0,42,3,1,6.20960581304098,2.312913336965721,0.3268213585811042,0.12173228089293268,
P0,42,3,2,14.027795481888461,4.444055186919286,0.3506948870472115,0.11110137967298214,
P0,42,4,0,9.82376074300555,3.5316628979635425,0.3168955078388887,0.11392460961172718,
P0,42,4,1,13.151707755052485,4.3600616579497,0.3460975725013812,0.11473846468288684,
P0,42,4,2,11.969133632010198,3.6026844740408706,0.3627010191518242,0.1091722567891173,
P0,43,0,0,8.374798915960127,2.608180064969929,0.36412169199826644,0.11339913325956212,
P0,43,0,1,7.907884249012568,2.6362140140408883,0.32949517704219033,0.10984225058503701,
P0,43,0,2,6.905348825966939,2.340383842965821,0.32882613456985427,0.11144684966503908,
P0,43,1,0,8.283934176011826,2.754265421011951,0.34516392400049273,0.11476105920883128,
P0,43,1,1,7.700279823024175,2.570081367972307,0.3347947749140946,0.11174266817270899,
P0,43,1,2,7.260879905021284,2.4408435610093875,0.34575618595339447,0.11623064576235179,
P0,43,2,0,8.62193343594845,3.1534106669714674,0.33161282445955576,0.12128502565274875,
P0,43,2,1,10.620308598008705,3.7087744809687138,0.3425905999357647,0.11963788648286174,
P0,43,2,2,8.07426257400948,2.6310511879855767,0.33642760725039506,0.10962713283273236,
P0,43,3,0,9.712222283953452,3.183906236969051,0.34686508156976614,0.11371093703460897,
P0,43,3,1,7.000129927051603,2.3729828289797297,0.35000649635258013,0.11864914144898649,
P0,43,3,2,6.941440124021028,2.2482410970551427,0.3470720062010514,0.11241205485275714,
P0,43,4,0,8.36687325204548,2.7572210260259453,0.3486197188352283,0.11488420941774773,
P0,43,4,1,8.789472082993598,3.1458825029985746,0.32553600307383695,0.11651416677772498,
P0,43,4,2,7.8877270049997605,2.462136256028316,0.35853304568180727,0.11191528436492346,
P0,44,0,0,9.07451392702933,3.024458321960992,0.37810474695955537,0.12601909674837466,
P0,44,0,1,7.6316198680433445,2.626169231007225,0.3318095594801454,0.1141812709133576,
P0,44,0,2,6.568274715013104,2.178279199026292,0.345698669211216,0.11464627363296274,
P0,44,1,0,10.174696797999786,3.791836619959213,0.3282160257419286,0.12231731032126493,
P0,44,1,1,9.85748366304324,3.156135415963945,0.35205298796583,0.11271912199871233,
P0,44,1,2,8.573573999034124,2.782317132994649,0.342942959961365,0.11129268531978596,
P0,44,2,0,6.582534440996824,2.2555923750041984,0.346449181105096,0.1187153881581157,
P0,44,2,1,6.194465445034439,2.1334950620075688,0.34413696916857994,0.11852750344486493,
P0,44,2,2,6.714456801084452,2.0289646269666264,0.37302537783802514,0.11272025705370146,
P0,44,3,0,9.979871485062176,3.732620338036213,0.3326623828354059,0.12442067793454044,
P0,44,3,1,6.937242920990684,2.4203343380067963,0.3468621460495342,0.12101671690033981,
P0,44,3,2,8.387448495035642,2.647262468977715,0.3646716736972018,0.11509836821642239,
P0,44,4,0,7.573852731002262,2.4260772559937323,0.3606596538572506,0.11552748838065392,
P0,44,4,1,7.552141433974612,2.464829851000104,0.3596257825702196,0.117372850047624,
P0,44,4,2,9.159656162999454,2.787840792007046,0.36638624651997814,0.11151363168028183,
P1,42,0,0,15.903512276243418,5.189610206754878,0.5301170758747806,0.17298700689182928,23.34425193304196
P1,42,0,1,18.168794030556455,6.108534027123824,0.49104848731233663,0.16509551424658983,26.199477494927123
P1,42,0,2,13.586701553547755,4.572584084467962,0.5032111686499169,0.16935496609140602,19.883636853192
P1,42,1,0,10.565649767406285,3.755576320923865,0.5031261794002992,0.1788369676630412,15.871008730027825
P1,42,1,1,10.647035771980882,3.576378353405744,0.507001703427661,0.17030373111455924,15.7228571199812
P1,42,1,2,12.447889366419986,4.063358495943248,0.5186620569341661,0.16930660399763534,18.09972455096431
P1,42,2,0,17.56162727274932,5.898699524346739,0.5165184491985094,0.17349116248078644,25.32625968614593
P1,42,2,1,11.5856657626573,3.7622792050242424,0.5037245983764044,0.16357735674018445,16.89986451389268
P1,42,2,2,13.874577987473458,4.62472280790098,0.5138732587953133,0.17128602992225853,20.13142912182957
P1,42,3,0,8.068229757016525,2.8017696011811495,0.5042643598135328,0.17511060007382184,12.219509288901463
P1,42,3,1,11.381511175073683,3.9404937357176095,0.49484831195972534,0.1713258145964178,16.942959930049255
P1,42,3,2,19.02188258804381,6.473804315784946,0.5005758575801003,0.1703632714680249,27.52363347285427
P1,42,4,0,13.346651614410803,4.598936463473365,0.4943204301633631,0.17033098012864314,19.69049452408217
P1,42,4,1,22.17673081229441,7.818162073846906,0.5040166093703274,0.17768550167833877,32.068114747991785
P1,42,4,2,17.016148099908605,5.539096475346014,0.5156408515123819,0.1678514083438186,24.46466473210603
P1,43,0,0,12.363513309974223,4.191885398235172,0.537544056955401,0.18225588687979008,18.680465184152126
P1,43,0,1,12.106564334826544,4.02360632782802,0.5044401806177726,0.16765026365950084,17.735299499938264
P1,43,0,2,10.77957691787742,3.6987027092836797,0.5133131865655914,0.17612870044207998,16.05215048394166
P1,43,1,0,13.120022922288626,4.490099279209971,0.5046162662418703,0.17269612612346044,19.239598140120503
P1,43,1,1,11.729757809313014,3.8916504736989737,0.5099894699701311,0.16920219450865104,17.158820988843217
P1,43,1,2,11.012192768510431,3.520740528823808,0.5243901318338301,0.1676543108963718,16.0442363480106
P1,43,2,0,13.135159634286538,4.636685232166201,0.5051984474725592,0.17833404739100772,19.435135510982946
P1,43,2,1,15.218134467955679,5.227322995197028,0.49090756348244124,0.16862332242571057,22.2653672110755
P1,43,2,2,10.002895563840866,3.1990374019369483,0.5264681875705719,0.16837038957562886,14.633100060047582
P1,43,3,0,13.843279257649556,4.819296289933845,0.4944028306303413,0.1721177246404945,20.43911442882381
P1,43,3,1,13.687784515321255,4.68721798970364,0.5069549820489354,0.17360066628532,20.068767147837207
P1,43,3,2,10.212964612990618,3.3428769931197166,0.5106482306495309,0.16714384965598583,15.085813318844885
P1,43,4,0,12.233678936259821,4.269901126623154,0.5097366223441592,0.1779125469426314,18.18871873104945
P1,43,4,1,12.93379306443967,4.641648367745802,0.4790293727570248,0.17191290250910377,19.236848331987854
P1,43,4,2,12.265597220743075,3.9707605538424104,0.5332868356844815,0.1726417632105396,17.870881932089105
P1,44,0,0,12.71886869519949,4.183182979235426,0.5299528622999787,0.17429929080147608,19.018172168172896
P1,44,0,1,9.847013092134148,3.5169767148327082,0.4923506546067074,0.1758488357416354,14.869583124993367
P1,44,0,2,12.466377976583317,4.247993607306853,0.5194324156909715,0.17699973363778554,18.3725136469584
P1,44,1,0,15.298618474043906,5.610646774293855,0.4935038217433518,0.18098860562238242,22.72551184007898
P1,44,1,1,14.122935917461291,4.9371722736395895,0.5043905684807604,0.17632758120141392,20.82066963100806
P1,44,1,2,10.91047765291296,3.8688889099285007,0.49593080240513454,0.17585858681493186,16.27660094597377
P1,44,2,0,9.61369039467536,3.3610856169834733,0.5059837049829137,0.17689924299913018,14.403685681056231
P1,44,2,1,8.999896336579695,3.124641450121999,0.4999942409210942,0.1735911916734444,13.534789263037965
P1,44,2,2,18.506607570219785,6.120252843247727,0.5140724325061051,0.17000702342354795,26.568691421067346
P1,44,3,0,15.903777027269825,5.278508248971775,0.5301259009089941,0.17595027496572585,23.03472797991708
P1,44,3,1,10.518171366071329,3.5861812790390104,0.5259085683035665,0.1793090639519505,15.621111425105482
P1,44,3,2,12.312787651550025,3.9906605088617653,0.5353385935456533,0.1735069786461637,17.875610917108133
P1,44,4,0,10.790148474043235,3.66640753345564,0.5138165940020588,0.17459083492645905,15.972472911002114
P1,44,4,1,10.957839368842542,3.702184686437249,0.5218018747067877,0.17629450887796425,16.161583675071597
P1,44,4,2,13.554651245241985,4.222369319293648,0.5421860498096794,0.16889477277174592,19.385644722962752
P2,42,0,0,16.829504280583933,5.512640371918678,0.5609834760194644,0.18375467906395596,24.6892832161393
P2,42,0,1,20.1120482806582,6.609878678806126,0.5292644284383737,0.17394417575805596,28.779197404859588
P2,42,0,2,13.87575666909106,4.751499501056969,0.5139169136700393,0.17598146300210996,20.36420988710597
P2,42,1,0,10.721897358540446,3.809175653848797,0.5105665408828783,0.18138931684994272,16.106102644000202
P2,42,1,1,11.181036456488073,3.702528643188998,0.532430307451813,0.17631088777090467,16.416497136931866
P2,42,1,2,13.552297246875241,4.16308283037506,0.5646790519531351,0.17346178459896086,19.3500318848528
P2,42,2,0,22.033203854924068,7.67348922858946,0.5124000896493969,0.1784532378741735,31.90010120486841
P2,42,2,1,13.145828006323427,4.11934968130663,0.5477428335968094,0.17163957005444294,18.914383138995618
P2,42,2,2,15.720953575568274,4.964687910396606,0.5421018474333887,0.17119613484126225,22.43303132802248
P2,42,3,0,16.950190344592556,5.773009082768112,0.5467803336965341,0.18622609944413265,24.54247497604229
P2,42,3,1,12.64802772924304,4.242427850607783,0.5499142490975235,0.18445338480903403,18.54567039711401
P2,42,3,2,22.35180466179736,6.84723581187427,0.558795116544934,0.17118089529685676,31.448366929078475
P2,42,4,0,16.907916670432314,5.682410958921537,0.5454166667881392,0.18330357932004956,24.51009046495892
P2,42,4,1,21.425290227634832,7.329858666984364,0.5101259578008294,0.17452044445200868,30.891957752173766
P2,42,4,2,18.474711703136563,5.675098657142371,0.5598397485798958,0.17197268658007184,26.12707814201713
P2,43,0,0,12.758967706002295,4.116760136326775,0.5547377263479258,0.1789895711446424,19.023631321033463
P2,43,0,1,13.785223645158112,4.554453098680824,0.5105638387095597,0.16868344809928978,20.04505552514456
P2,43,0,2,11.458383438177407,3.633126886561513,0.5456373065798765,0.1730060422172149,16.675464828964323
P2,43,1,0,12.843586299102753,4.4462282080203295,0.5137434519641101,0.17784912832081318,18.93955157487653
P2,43,1,1,12.084892760263756,4.084348045056686,0.5254301200114676,0.17758034978507328,17.796099143102765
P2,43,1,2,11.346897100564092,3.703776120208204,0.5403284333601949,0.1763702914384859,16.59728745301254
P2,43,2,0,13.69391455478035,4.680830663070083,0.5266890213377058,0.18003194857961857,20.064903895836323
P2,43,2,1,15.789982029935345,5.452660823240876,0.5093542590301724,0.17589228462067344,23.0815109340474
P2,43,2,2,10.265584845328704,3.2208723805379122,0.5402939392278265,0.1695195989756796,14.98373690689914
P2,43,3,0,14.69585060258396,5.022876870818436,0.5248518072351415,0.179388459672087,21.565123287029564
P2,43,3,1,14.75131552410312,4.888300955528393,0.5463450194112267,0.18104818353808863,21.380071409977973
P2,43,3,2,11.051966945175081,3.456808172632009,0.5525983472587541,0.17284040863160044,16.076012253994122
P2,43,4,0,13.029282299568877,4.208302543032914,0.5428867624820365,0.1753459392930381,18.927914006169885
P2,43,4,1,14.893445331137627,4.836351038655266,0.5516090863384306,0.17912411254278762,21.42827017488889
P2,43,4,2,12.512987493770197,3.9509899304248393,0.5687721588077362,0.17959045138294724,18.074673993047327
P2,44,0,0,13.037501151906326,4.166249071015045,0.5432292146627636,0.17359371129229353,19.35826144600287
P2,44,0,1,10.776535012992099,3.4183898337651044,0.538826750649605,0.1709194916882552,15.71373709780164
P2,44,0,2,10.835319190984592,3.436622694367543,0.5417659595492296,0.17183113471837713,15.84367939387448
P2,44,1,0,16.34625945892185,5.574902799213305,0.5272986922232855,0.17983557416817114,23.735363402869552
P2,44,1,1,14.56424957094714,5.042593845166266,0.5201517703909693,0.18009263732736663,21.414315268862996
P2,44,1,2,12.616589897777885,3.9316527077462524,0.5734813589899038,0.17871148671573875,18.11164414393716
P2,44,2,0,10.247311539715156,3.3645177248399705,0.5393321863007977,0.17707988025473528,15.071088114986196
P2,44,2,1,9.397095282096416,3.1353485505096614,0.5220608490053564,0.17418603058387008,13.968822927912695
P2,44,2,2,9.941141450079158,3.263087532715872,0.5522856361155087,0.18128264070643732,14.69566942495294
P2,44,3,0,16.398247089702636,5.3168717455118895,0.5466082363234211,0.17722905818372964,23.568493198836222
P2,44,3,1,10.741817188682035,3.786029750481248,0.5370908594341017,0.1893014875240624,16.07843315601349
P2,44,3,2,12.243371291551739,4.064314874121919,0.5323204909370322,0.17670934235312694,17.88816780806519
P2,44,4,0,11.2757452132646,3.6955240715760738,0.5369402482506952,0.1759773367417178,16.483858010033146
P2,44,4,1,11.316108429338783,3.7353991258423775,0.5388623061589897,0.17787614884963704,16.57399849500507
P2,44,4,2,13.285040587652475,4.445397053845227,0.531401623506099,0.17781588215380906,19.36907200096175
