model,seed,outer_fold,inner_fold,accuracy,ba,auroc,macro_f1,pd_recall,dd_recall,tn,fp,fn,tp,n,pd_n,dd_n
STR-01,42.0,0,0,0.6285714285714286,0.6708805579773321,0.6782911944202267,0.6173254835996635,0.5675675675675675,0.7741935483870968,42,32,7,24,105,74,31
STR-01,42.0,0,1,0.7766990291262136,0.7050228310502282,0.7251141552511415,0.71475015051174,0.8767123287671232,0.5333333333333333,64,9,14,16,103,73,30
STR-01,42.0,0,2,0.7549019607843137,0.7560226735947095,0.7888521492678318,0.7262479871175522,0.7534246575342466,0.7586206896551724,55,18,7,22,102,73,29
STR-01,42.0,1,0,0.7428571428571429,0.6488666085440279,0.6290322580645161,0.6592957577214278,0.8783783783783784,0.41935483870967744,65,9,18,13,105,74,31
STR-01,42.0,1,1,0.7980769230769231,0.7193693693693693,0.7716216216216216,0.7341448569689593,0.9054054054054054,0.5333333333333333,67,7,14,16,104,74,30
STR-01,42.0,1,2,0.7281553398058253,0.6904109589041096,0.7027397260273973,0.6826584507042254,0.7808219178082192,0.6,57,16,12,18,103,73,30
STR-01,42.0,2,0,0.7428571428571429,0.6863557105492589,0.7122929380993898,0.6880844977445264,0.8243243243243243,0.5483870967741935,61,13,14,17,105,74,31
STR-01,42.0,2,1,0.7596153846153846,0.6527027027027027,0.6653153153153154,0.6662816069824156,0.9054054054054054,0.4,67,7,18,12,104,74,30
STR-01,42.0,2,2,0.7669902912621359,0.7276255707762557,0.7552511415525115,0.7231182795698925,0.821917808219178,0.6333333333333333,60,13,11,19,103,73,30
STR-01,42.0,3,0,0.7523809523809524,0.6743679163034002,0.7035745422842198,0.6834415584415585,0.8648648648648649,0.4838709677419355,64,10,16,15,105,74,31
STR-01,42.0,3,1,0.6761904761904762,0.7140366172624237,0.7266782911944203,0.6626984126984127,0.6216216216216216,0.8064516129032258,46,28,6,25,105,74,31
STR-01,42.0,3,2,0.8349514563106796,0.7853881278538812,0.8050228310502283,0.7938302131166843,0.9041095890410958,0.6666666666666666,66,7,10,20,103,73,30
STR-01,42.0,4,0,0.7714285714285715,0.7628596338273758,0.7493461203138624,0.7428571428571429,0.7837837837837838,0.7419354838709677,58,16,8,23,105,74,31
STR-01,42.0,4,1,0.7238095238095238,0.6728421970357454,0.6970357454228423,0.6712018140589568,0.7972972972972973,0.5483870967741935,59,15,14,17,105,74,31
STR-01,42.0,4,2,0.7281553398058253,0.7591324200913242,0.8045662100456621,0.7111378205128205,0.684931506849315,0.8333333333333334,50,23,5,25,103,73,30
STR-01,43.0,0,0,0.7333333333333333,0.7170880557977333,0.7306015693112468,0.7,0.7567567567567568,0.6774193548387096,56,18,10,21,105,74,31
STR-01,43.0,0,1,0.7087378640776699,0.6865296803652967,0.6926940639269407,0.6707161125319694,0.7397260273972602,0.6333333333333333,54,19,11,19,103,73,30
STR-01,43.0,0,2,0.7745098039215687,0.7489371752479925,0.7727916863486065,0.7359000337723742,0.8082191780821918,0.6896551724137931,59,14,9,20,102,73,29
STR-01,43.0,1,0,0.6571428571428571,0.6442894507410637,0.6813426329555361,0.6244038155802862,0.6756756756756757,0.6129032258064516,50,24,12,19,105,74,31
STR-01,43.0,1,1,0.6730769230769231,0.681081081081081,0.7022522522522522,0.6475279106858054,0.6621621621621622,0.7,49,25,9,21,104,74,30
STR-01,43.0,1,2,0.6504854368932039,0.6552511415525114,0.7045662100456621,0.6246963562753036,0.6438356164383562,0.6666666666666666,47,26,10,20,103,73,30
STR-01,43.0,2,0,0.6571428571428571,0.6349171752397559,0.6861377506538796,0.6195652173913043,0.6891891891891891,0.5806451612903226,51,23,13,18,105,74,31
STR-01,43.0,2,1,0.7596153846153846,0.7319819819819819,0.7626126126126127,0.7202797202797203,0.7972972972972973,0.6666666666666666,59,15,10,20,104,74,30
STR-01,43.0,2,2,0.7475728155339806,0.7826484018264841,0.8036529680365296,0.7317708333333333,0.6986301369863014,0.8666666666666667,51,22,4,26,103,73,30
STR-01,43.0,3,0,0.7142857142857143,0.7035745422842197,0.6857018308631211,0.6829710144927537,0.7297297297297297,0.6774193548387096,54,20,10,21,105,74,31
STR-01,43.0,3,1,0.7047619047619048,0.6499564080209241,0.6556233653007848,0.6485260770975056,0.7837837837837838,0.5161290322580645,58,16,15,16,105,74,31
STR-01,43.0,3,2,0.7378640776699029,0.6776255707762557,0.719634703196347,0.6793497059840885,0.821917808219178,0.5333333333333333,60,13,14,16,103,73,30
STR-01,43.0,4,0,0.7523809523809524,0.7212292938099389,0.7441150828247602,0.7127525252525253,0.7972972972972973,0.6451612903225806,59,15,11,20,105,74,31
STR-01,43.0,4,1,0.7047619047619048,0.7061900610287708,0.6765475152571927,0.6785185185185185,0.7027027027027027,0.7096774193548387,52,22,9,22,105,74,31
STR-01,43.0,4,2,0.7572815533980582,0.730593607305936,0.7949771689497717,0.7190398254228041,0.7945205479452054,0.6666666666666666,58,15,10,20,103,73,30
STR-01,44.0,0,0,0.7142857142857143,0.6660854402789886,0.6952920662598081,0.6628852739726028,0.7837837837837838,0.5483870967741935,58,16,14,17,105,74,31
STR-01,44.0,0,1,0.7184466019417476,0.654109589041096,0.6675799086757991,0.6555978323532803,0.8082191780821918,0.5,59,14,15,15,103,73,30
STR-01,44.0,0,2,0.7254901960784313,0.6939064714218233,0.7005196032120926,0.68125,0.7671232876712328,0.6206896551724138,56,17,11,18,102,73,29
STR-01,44.0,1,0,0.7333333333333333,0.6233653007846556,0.6678291194420227,0.6325,0.8918918918918919,0.3548387096774194,66,8,20,11,105,74,31
STR-01,44.0,1,1,0.75,0.7153153153153153,0.7315315315315316,0.7065972222222222,0.7972972972972973,0.6333333333333333,59,15,11,19,104,74,30
STR-01,44.0,1,2,0.7087378640776699,0.6570776255707762,0.6429223744292238,0.6538978494623655,0.7808219178082192,0.5333333333333333,57,16,14,16,103,73,30
STR-01,44.0,2,0,0.7047619047619048,0.6780732345248475,0.6791630340017436,0.6654332408263953,0.7432432432432432,0.6129032258064516,55,19,12,19,105,74,31
STR-01,44.0,2,1,0.7307692307692307,0.6918918918918919,0.6873873873873874,0.6840277777777778,0.7837837837837838,0.6,58,16,12,18,104,74,30
STR-01,44.0,2,2,0.7572815533980582,0.6815068493150684,0.6913242009132421,0.6899458157736303,0.863013698630137,0.5,63,10,15,15,103,73,30
STR-01,44.0,3,0,0.6952380952380952,0.699433304272014,0.7262423714036618,0.6700706991358995,0.6891891891891891,0.7096774193548387,51,23,9,22,105,74,31
STR-01,44.0,3,1,0.7142857142857143,0.7035745422842197,0.7109851787271142,0.6829710144927537,0.7297297297297297,0.6774193548387096,54,20,10,21,105,74,31
STR-01,44.0,3,2,0.7864077669902912,0.7413242009132419,0.7835616438356164,0.7413242009132419,0.8493150684931506,0.6333333333333333,62,11,11,19,103,73,30
STR-01,44.0,4,0,0.7714285714285715,0.7253705318221447,0.7689625108979947,0.7253705318221447,0.8378378378378378,0.6129032258064516,62,12,12,19,105,74,31
STR-01,44.0,4,1,0.6571428571428571,0.6161726242371404,0.6299040976460333,0.6085335542667771,0.7162162162162162,0.5161290322580645,53,21,15,16,105,74,31
STR-01,44.0,4,2,0.7961165048543689,0.7285388127853881,0.7821917808219178,0.7395544852498495,0.8904109589041096,0.5666666666666667,65,8,13,17,103,73,30
V8-GN,42.0,0,0,0.7428571428571429,0.6676111595466434,0.6652136006974717,0.6749226006191951,0.8513513513513513,0.4838709677419355,63,11,16,15,105,74,31
V8-GN,42.0,0,1,0.7669902912621359,0.7079908675799087,0.7255707762557078,0.712022367194781,0.8493150684931506,0.5666666666666667,62,11,13,17,103,73,30
V8-GN,42.0,0,2,0.696078431372549,0.7149267831837506,0.7491733585262164,0.6731782945736434,0.6712328767123288,0.7586206896551724,49,24,7,22,102,73,29
V8-GN,42.0,1,0,0.6952380952380952,0.6057105492589363,0.5972101133391456,0.6103896103896104,0.8243243243243243,0.3870967741935484,61,13,19,12,105,74,31
V8-GN,42.0,1,1,0.8076923076923077,0.7162162162162162,0.7252252252252253,0.7367088607594936,0.9324324324324325,0.5,69,5,15,15,104,74,30
V8-GN,42.0,1,2,0.6504854368932039,0.6356164383561644,0.5675799086757991,0.6156716417910448,0.6712328767123288,0.6,49,24,12,18,103,73,30
V8-GN,42.0,2,0,0.780952380952381,0.7227550130775937,0.7244986922406277,0.7289258053653609,0.8648648648648649,0.5806451612903226,64,10,13,18,105,74,31
V8-GN,42.0,2,1,0.7211538461538461,0.6256756756756756,0.6436936936936937,0.6328667072428484,0.8513513513513513,0.4,63,11,18,12,104,74,30
V8-GN,42.0,2,2,0.7475728155339806,0.6648401826484018,0.6762557077625571,0.6737329434697856,0.863013698630137,0.4666666666666667,63,10,16,14,103,73,30
V8-GN,42.0,3,0,0.7238095238095238,0.6634699215344377,0.6547515257192676,0.6649796457256023,0.8108108108108109,0.5161290322580645,60,14,15,16,105,74,31
V8-GN,42.0,3,1,0.6952380952380952,0.699433304272014,0.7271142109851787,0.6700706991358995,0.6891891891891891,0.7096774193548387,51,23,9,22,105,74,31
V8-GN,42.0,3,2,0.7864077669902912,0.702054794520548,0.7347031963470319,0.7170329670329669,0.9041095890410958,0.5,66,7,15,15,103,73,30
V8-GN,42.0,4,0,0.7714285714285715,0.6878814298169137,0.7384481255448997,0.7008547008547008,0.8918918918918919,0.4838709677419355,66,8,16,15,105,74,31
V8-GN,42.0,4,1,0.6095238095238096,0.6386224934612031,0.6303400174367917,0.5948235294117648,0.5675675675675675,0.7096774193548387,42,32,9,22,105,74,31
V8-GN,42.0,4,2,0.7766990291262136,0.7148401826484019,0.7853881278538813,0.7210644059813964,0.863013698630137,0.5666666666666667,63,10,13,17,103,73,30
V8-GN,43.0,0,0,0.7142857142857143,0.6660854402789886,0.6281604184829991,0.6628852739726028,0.7837837837837838,0.5483870967741935,58,16,14,17,105,74,31
V8-GN,43.0,0,1,0.6990291262135923,0.6894977168949772,0.6721461187214612,0.6668753260302556,0.7123287671232876,0.6666666666666666,52,21,10,20,103,73,30
V8-GN,43.0,0,2,0.7254901960784313,0.6939064714218233,0.7354747283892301,0.68125,0.7671232876712328,0.6206896551724138,56,17,11,18,102,73,29
V8-GN,43.0,1,0,0.7238095238095238,0.6353530950305144,0.6312118570183087,0.6428152492668622,0.8513513513513513,0.41935483870967744,63,11,18,13,105,74,31
V8-GN,43.0,1,1,0.5961538461538461,0.6468468468468469,0.6531531531531531,0.5863636363636364,0.527027027027027,0.7666666666666667,39,35,7,23,104,74,30
V8-GN,43.0,1,2,0.7281553398058253,0.680593607305936,0.7095890410958904,0.6769713261648745,0.7945205479452054,0.5666666666666667,58,15,13,17,103,73,30
V8-GN,43.0,2,0,0.5619047619047619,0.5767218831734962,0.6176983435047951,0.5436507936507936,0.5405405405405406,0.6129032258064516,40,34,12,19,105,74,31
V8-GN,43.0,2,1,0.6923076923076923,0.6648648648648648,0.7018018018018019,0.6504201680672269,0.7297297297297297,0.6,54,20,12,18,104,74,30
V8-GN,43.0,2,2,0.7669902912621359,0.7079908675799087,0.7292237442922375,0.712022367194781,0.8493150684931506,0.5666666666666667,62,11,13,17,103,73,30
V8-GN,43.0,3,0,0.6857142857142857,0.6270706190061028,0.596774193548387,0.6258503401360545,0.7702702702702703,0.4838709677419355,57,17,16,15,105,74,31
V8-GN,43.0,3,1,0.7238095238095238,0.6166085440278989,0.5945945945945946,0.6244913059563448,0.8783783783783784,0.3548387096774194,65,9,20,11,105,74,31
V8-GN,43.0,3,2,0.7281553398058253,0.660958904109589,0.6566210045662101,0.6640260950605779,0.821917808219178,0.5,60,13,15,15,103,73,30
V8-GN,43.0,4,0,0.7238095238095238,0.6822144725370531,0.7018308631211857,0.676923076923077,0.7837837837837838,0.5806451612903226,58,16,13,18,105,74,31
V8-GN,43.0,4,1,0.6,0.6599825632083696,0.6586748038360941,0.5937730287398673,0.5135135135135135,0.8064516129032258,38,36,6,25,105,74,31
V8-GN,43.0,4,2,0.7766990291262136,0.7050228310502282,0.7493150684931507,0.71475015051174,0.8767123287671232,0.5333333333333333,64,9,14,16,103,73,30
V8-GN,44.0,0,0,0.6857142857142857,0.6176983435047951,0.6425457715780296,0.6187699416877545,0.7837837837837838,0.45161290322580644,58,16,17,14,105,74,31
V8-GN,44.0,0,1,0.6407766990291263,0.6582191780821918,0.6721461187214611,0.6201534934715438,0.6164383561643836,0.7,45,28,9,21,103,73,30
V8-GN,44.0,0,2,0.7352941176470589,0.6799716580066131,0.6835144071799717,0.678082992402104,0.8082191780821918,0.5517241379310345,59,14,13,16,102,73,29
V8-GN,44.0,1,0,0.7238095238095238,0.6634699215344377,0.6294681778552746,0.6649796457256023,0.8108108108108109,0.5161290322580645,60,14,15,16,105,74,31
V8-GN,44.0,1,1,0.7307692307692307,0.6621621621621622,0.65,0.6652873563218391,0.8243243243243243,0.5,61,13,15,15,104,74,30
V8-GN,44.0,1,2,0.7378640776699029,0.6678082191780822,0.6168949771689497,0.6725538678912045,0.8356164383561644,0.5,61,12,15,15,103,73,30
V8-GN,44.0,2,0,0.7047619047619048,0.6968177855274629,0.7083696599825632,0.6745325467453255,0.7162162162162162,0.6774193548387096,53,21,10,21,105,74,31
V8-GN,44.0,2,1,0.7307692307692307,0.6423423423423423,0.6729729729729729,0.6498316498316499,0.8513513513513513,0.43333333333333335,63,11,17,13,104,74,30
V8-GN,44.0,2,2,0.7766990291262136,0.7148401826484019,0.7027397260273974,0.7210644059813964,0.863013698630137,0.5666666666666667,63,10,13,17,103,73,30
V8-GN,44.0,3,0,0.7523809523809524,0.6462510897994769,0.6573670444638187,0.65875,0.9054054054054054,0.3870967741935484,67,7,19,12,105,74,31
V8-GN,44.0,3,1,0.6952380952380952,0.699433304272014,0.7066259808195292,0.6700706991358995,0.6891891891891891,0.7096774193548387,51,23,9,22,105,74,31
V8-GN,44.0,3,2,0.7864077669902912,0.721689497716895,0.7534246575342466,0.7302380952380952,0.8767123287671232,0.5666666666666667,64,9,13,17,103,73,30
V8-GN,44.0,4,0,0.6285714285714286,0.6896251089799477,0.7493461203138623,0.6218487394957983,0.5405405405405406,0.8387096774193549,40,34,5,26,105,74,31
V8-GN,44.0,4,1,0.638095238095238,0.6026591107236268,0.6076721883173496,0.5928571428571429,0.6891891891891891,0.5161290322580645,51,23,15,16,105,74,31
V8-GN,44.0,4,2,0.8058252427184466,0.7353881278538812,0.7639269406392694,0.7490253411306043,0.9041095890410958,0.5666666666666667,66,7,13,17,103,73,30
H1,,0,0,0.7142857142857143,0.6379686137750654,0.7515257192676548,0.6426950998185118,0.8243243243243243,0.45161290322580644,61,13,17,14,105,74,31
H1,,0,1,0.7184466019417476,0.6639269406392694,0.7424657534246576,0.6622950819672131,0.7945205479452054,0.5333333333333333,58,15,14,16,103,73,30
H1,,0,2,0.7745098039215687,0.7281530467642892,0.7605101558809637,0.7257744009351257,0.8356164383561644,0.6206896551724138,61,12,11,18,102,73,29
H1,,1,0,0.7428571428571429,0.72384481255449,0.7122929380993898,0.7086031452358927,0.7702702702702703,0.6774193548387096,57,17,10,21,105,74,31
H1,,1,1,0.75,0.7351351351351352,0.8009009009009009,0.7159663865546219,0.7702702702702703,0.7,57,17,9,21,104,74,30
H1,,1,2,0.7475728155339806,0.6942922374429223,0.754337899543379,0.6942922374429223,0.821917808219178,0.5666666666666667,60,13,13,17,103,73,30
H1,,2,0,0.7142857142857143,0.6660854402789886,0.6948561464690496,0.6628852739726028,0.7837837837837838,0.5483870967741935,58,16,14,17,105,74,31
H1,,2,1,0.6826923076923077,0.6184684684684685,0.6972972972972974,0.6172632987621278,0.7702702702702703,0.4666666666666667,57,17,16,14,104,74,30
H1,,2,2,0.7184466019417476,0.6835616438356165,0.7114155251141553,0.6740861974904528,0.7671232876712328,0.6,56,17,12,18,103,73,30
H1,,3,0,0.7333333333333333,0.7077157802964255,0.8016564952048824,0.6955260977630489,0.7702702702702703,0.6451612903225806,57,17,11,20,105,74,31
H1,,3,1,0.7333333333333333,0.7077157802964255,0.7489102005231038,0.6955260977630489,0.7702702702702703,0.6451612903225806,57,17,11,20,105,74,31
H1,,3,2,0.7669902912621359,0.7079908675799087,0.8015981735159817,0.712022367194781,0.8493150684931506,0.5666666666666667,62,11,13,17,103,73,30
H1,,4,0,0.7428571428571429,0.7144725370531821,0.8103748910200523,0.7041018682809728,0.7837837837837838,0.6451612903225806,58,16,11,20,105,74,31
H1,,4,1,0.7142857142857143,0.6567131647776809,0.6682650392327811,0.6567131647776809,0.7972972972972973,0.5161290322580645,59,15,15,16,105,74,31
H1,,4,2,0.7572815533980582,0.730593607305936,0.8164383561643836,0.7190398254228041,0.7945205479452054,0.6666666666666666,58,15,10,20,103,73,30
