stage,metric,mean,sd,median,min,max
A_STR,corrected_auroc,0.7176307213700359,0.0393401115514003,0.7051051051051052,0.6594013368206917,0.7939117199391171
A_STR,auroc_delta_vs_str,0.0,0.0,0.0,0.0,0.0
A_STR,corrected_ba,0.6971894057191267,0.0315785681389791,0.6921921921921922,0.6388404533565825,0.7394216133942161
A_STR,recovered_pairs,0.0,0.0,0.0,0.0,0.0
A_STR,unrecovered_h1_rescue_pairs,326.62222222222226,57.431376119356244,320.0,220.0,428.6666666666667
A_STR,recovery_rate,0.0,0.0,0.0,0.0,0.0
A_STR,newly_broken_pairs,0.0,0.0,0.0,0.0,0.0
A_STR,harm_rate,0.0,0.0,0.0,0.0,0.0
A_STR,str_correct_preservation,1.0,0.0,1.0,1.0,1.0
A_STR,all_wrong_recovered_pairs,0.0,0.0,0.0,0.0,0.0
A_STR,net_pair_gain,0.0,0.0,0.0,0.0,0.0
A_STR,targeted_net_pair_gain,0.0,0.0,0.0,0.0,0.0
B_score_only,corrected_auroc,0.7176307213700359,0.0393401115514003,0.7051051051051052,0.6594013368206917,0.7939117199391171
B_score_only,auroc_delta_vs_str,0.0,0.0,0.0,0.0,0.0
B_score_only,corrected_ba,0.6803680061733913,0.029230820645634426,0.6765863643520705,0.6362249346120313,0.7249619482496193
B_score_only,recovered_pairs,0.0,0.0,0.0,0.0,0.0
B_score_only,unrecovered_h1_rescue_pairs,326.62222222222226,57.431376119356244,320.0,220.0,428.6666666666667
B_score_only,recovery_rate,0.0,0.0,0.0,0.0,0.0
B_score_only,newly_broken_pairs,0.0,0.0,0.0,0.0,0.0
B_score_only,harm_rate,0.0,0.0,0.0,0.0,0.0
B_score_only,str_correct_preservation,1.0,0.0,1.0,1.0,1.0
B_score_only,all_wrong_recovered_pairs,0.0,0.0,0.0,0.0,0.0
B_score_only,net_pair_gain,0.0,0.0,0.0,0.0,0.0
B_score_only,targeted_net_pair_gain,0.0,0.0,0.0,0.0,0.0
C_activity_raw,corrected_auroc,0.729893128229636,0.036053945355026026,0.7205479452054795,0.6890438825922697,0.8033485540334855
C_activity_raw,auroc_delta_vs_str,0.012262406859600053,0.013530013364839995,0.0126126126126126,-0.012462462462462466,0.0367625690206335
C_activity_raw,corrected_ba,0.668156254445739,0.024386709822638523,0.668337692531241,0.6276276276276276,0.7044140030441399
C_activity_raw,recovered_pairs,74.26666666666668,19.503845774615836,67.66666666666667,51.666666666666664,113.33333333333333
C_activity_raw,unrecovered_h1_rescue_pairs,252.35555555555547,47.50128931694894,245.66666666666666,153.66666666666666,343.6666666666667
C_activity_raw,recovery_rate,0.22873196874443819,0.046470394799862466,0.216393752830729,0.1656042978476305,0.309075825452132
C_activity_raw,newly_broken_pairs,72.97777777777779,19.511277433575362,68.0,53.333333333333336,126.66666666666667
C_activity_raw,harm_rate,0.045714766708780614,0.012527767825205356,0.042066613199831536,0.03200486902306016,0.08188910787624147
C_activity_raw,str_correct_preservation,0.9542852332912195,0.012527767825205349,0.9579333868001685,0.9181108921237585,0.9679951309769398
C_activity_raw,all_wrong_recovered_pairs,100.48888888888887,23.228289630393352,99.0,70.33333333333333,145.0
C_activity_raw,net_pair_gain,27.511111111111113,30.518759951785537,28.0,-27.666666666666668,84.33333333333333
C_activity_raw,targeted_net_pair_gain,1.2888888888888888,28.10577149865115,5.666666666666667,-63.666666666666664,52.666666666666664
D_subject,corrected_auroc,0.7233726104241287,0.03136775197919784,0.7222222222222222,0.6784365010171461,0.7651445966514459
D_subject,auroc_delta_vs_str,0.005741889054092851,0.018224454686215502,0.005555555555555567,-0.028767123287671236,0.038812785388127734
D_subject,corrected_ba,0.656794085139126,0.023909152629059186,0.6576576576576577,0.6115954664341761,0.6888259226968904
D_subject,recovered_pairs,78.42222222222222,25.73536467021586,75.0,44.333333333333336,134.66666666666666
D_subject,unrecovered_h1_rescue_pairs,248.2,49.19604449191819,246.33333333333334,143.66666666666666,353.6666666666667
D_subject,recovery_rate,0.23913021541454904,0.06786731229060422,0.23199833170886244,0.16263962096125015,0.40539470530759725
D_subject,newly_broken_pairs,103.88888888888891,16.45902399595647,111.0,79.66666666666667,127.66666666666667
D_subject,harm_rate,0.06505590149020199,0.010426341416378536,0.06748208634099256,0.049169460980187964,0.07844722372418157
D_subject,str_correct_preservation,0.9349440985097979,0.010426341416378547,0.9325179136590074,0.9215527762758184,0.9508305390198121
D_subject,all_wrong_recovered_pairs,116.82222222222222,37.68243805230943,115.0,64.66666666666667,183.33333333333334
D_subject,net_pair_gain,12.933333333333337,40.798225918478835,12.333333333333334,-63.0,85.0
D_subject,targeted_net_pair_gain,-25.466666666666665,32.56880384857546,-27.666666666666668,-83.33333333333333,30.0
E_structured,corrected_auroc,0.726304790169663,0.03499549583249174,0.7124809741248098,0.6819238593432142,0.8050228310502283
E_structured,auroc_delta_vs_str,0.008674068799626847,0.014281633357990728,0.009589041095890398,-0.0124624624624624,0.03850624818366743
E_structured,corrected_ba,0.6664831877453208,0.03342033808119122,0.6623074687590816,0.6267123287671232,0.7468797564687976
E_structured,recovered_pairs,82.8,24.158142996014263,72.33333333333333,53.666666666666664,132.0
E_structured,unrecovered_h1_rescue_pairs,243.82222222222222,43.743637481419164,238.0,156.0,329.0
E_structured,recovery_rate,0.2528293294547149,0.04948273545065716,0.24247776463619308,0.15783784390179792,0.3385644259146055
E_structured,newly_broken_pairs,95.35555555555555,17.258752859478296,94.0,67.33333333333333,127.66666666666667
E_structured,harm_rate,0.05976499516273226,0.01163133216160985,0.05928031864182184,0.04061544816948473,0.08228797922577973
E_structured,str_correct_preservation,0.9402350048372677,0.011631332161609841,0.9407196813581781,0.9177120207742203,0.9593845518305152
E_structured,all_wrong_recovered_pairs,114.95555555555556,29.116314814203186,110.66666666666667,72.66666666666667,182.66666666666666
E_structured,net_pair_gain,19.6,32.344916923585544,21.0,-27.666666666666668,88.33333333333333
E_structured,targeted_net_pair_gain,-12.555555555555559,28.758067651121053,-11.333333333333334,-66.0,37.666666666666664
F_decision,corrected_auroc,0.7239947889742945,0.03454702320226023,0.7153443766346991,0.6765475152571927,0.7945205479452055
F_decision,auroc_delta_vs_str,0.006364067604258362,0.013845703901029825,0.005038576602109966,-0.0159837256611449,0.03603603603603594
F_decision,corrected_ba,0.6540150010281207,0.02625813843980725,0.6522086602731765,0.6154460912525429,0.7073059360730594
F_decision,recovered_pairs,84.80000000000001,25.605616943311855,77.66666666666667,53.666666666666664,137.33333333333334
F_decision,unrecovered_h1_rescue_pairs,241.82222222222222,46.232137977932425,236.0,153.33333333333334,341.0
F_decision,recovery_rate,0.25731399511633657,0.05868352600527662,0.2483247897683568,0.1854458426755745,0.39093938388363475
F_decision,newly_broken_pairs,106.04444444444445,14.16673202599302,105.0,81.33333333333333,126.66666666666667
F_decision,harm_rate,0.06664843896774879,0.010642941691308205,0.06471725179356927,0.05092429217665447,0.08096846064684976
F_decision,str_correct_preservation,0.9333515610322511,0.010642941691308187,0.9352827482064306,0.9190315393531501,0.9490757078233454
F_decision,all_wrong_recovered_pairs,120.44444444444447,33.54543629610884,113.33333333333333,76.0,197.33333333333334
F_decision,net_pair_gain,14.400000000000002,31.34984367445392,10.666666666666666,-36.666666666666664,82.66666666666667
F_decision,targeted_net_pair_gain,-21.244444444444447,25.62503323007266,-21.666666666666668,-73.0,22.666666666666668
