activity,family,feature,group_a,group_b,n_a,n_b,mean_a,mean_b,median_a,median_b,mean_difference,cliffs_delta,p_value,q_value
CrossArms,dd_activity_pd_like,pd_like_score,stable_error,stable_correct,34,47,2.265582358192545,-2.078195905021313,2.3537188773918434,-1.7037415390433404,4.343778263213858,0.9662077596996246,1.547942269324496e-13,4.3342383541085885e-12
CrossArms,dd_activity_pd_like,pd_like_score,stable_error,unstable,34,33,2.265582358192545,1.19640077408725,2.3537188773918434,1.4833219798812634,1.0691815841052952,0.4188948306595366,0.0032724351159104364,0.008329834840499291
DrinkGlas,dd_activity_pd_like,pd_like_score,stable_error,stable_correct,34,47,0.9320985925706398,-1.1534551108071418,0.9211356611344825,-0.9921699413687526,2.085553703377782,0.5919899874843555,6.135891334723349e-06,3.4360991474450754e-05
DrinkGlas,dd_activity_pd_like,pd_like_score,stable_error,unstable,34,33,0.9320985925706398,0.35139303061363936,0.9211356611344825,0.49286425326356775,0.5807055619570004,0.25668449197860954,0.07191357125654342,0.125848749698951
Entrainment,dd_activity_pd_like,pd_like_score,stable_error,stable_correct,34,47,0.8800471738244907,0.11262461643900537,0.5945542553904408,-0.10906669638121008,0.7674225573854854,0.5193992490613266,7.29011828727692e-05,0.0002916047314910768
Entrainment,dd_activity_pd_like,pd_like_score,stable_error,unstable,34,33,0.8800471738244907,0.07185082079827511,0.5945542553904408,-0.0076442673880011275,0.8081963530262156,0.5472370766488412,0.00012110251053379302,0.00042385878686827555
HoldWeight,dd_activity_pd_like,pd_like_score,stable_error,stable_correct,34,47,0.4267327203456528,-1.3736348187614196,0.3325659423668875,-1.366938490067147,1.8003675391070724,0.4418022528160199,0.000742741040280918,0.0021531381043792606
HoldWeight,dd_activity_pd_like,pd_like_score,stable_error,unstable,34,33,0.4267327203456528,0.3730726039303917,0.3325659423668875,0.7296250927601504,0.05366011641526108,-0.11942959001782527,0.4042860343236614,0.5145458618664782
LiftHold,dd_activity_pd_like,pd_like_score,stable_error,stable_correct,34,47,0.39703762758484845,-0.4484281328114827,0.3778976907473339,-0.42295805002238906,0.8454657603963311,0.31289111389236535,0.01695770044497989,0.03165437416396246
LiftHold,dd_activity_pd_like,pd_like_score,stable_error,unstable,34,33,0.39703762758484845,-0.010391621702793848,0.3778976907473339,-0.08727091327044464,0.4074292492876423,0.1871657754010696,0.19000735832754,0.25334314443672
PointFinger,dd_activity_pd_like,pd_like_score,stable_error,stable_correct,34,47,0.6566168932741283,-0.6660165305108627,0.6583969603249595,-0.4362148692756453,1.322633423784991,0.5757196495619525,1.0963274543701864e-05,5.11619478706087e-05
PointFinger,dd_activity_pd_like,pd_like_score,stable_error,unstable,34,33,0.6566168932741283,0.42633785365632443,0.6583969603249595,0.7677589804464422,0.23027903961780388,0.06060606060606055,0.6743898865080002,0.7553166728889603
Relaxed,dd_activity_pd_like,pd_like_score,stable_error,stable_correct,34,47,0.132015516046359,0.2504857227317338,0.386240575627941,0.02681292801513907,-0.11847020668537481,0.09011264080100134,0.4938306979252176,0.601185197474178
Relaxed,dd_activity_pd_like,pd_like_score,stable_error,unstable,34,33,0.132015516046359,0.19499447914537824,0.386240575627941,0.29602802462271877,-0.06297896309901924,0.03921568627450989,0.7874401478218522,0.7874401478218521
RelaxedTask,dd_activity_pd_like,pd_like_score,stable_error,stable_correct,34,47,0.19245092811334155,0.3364451870605861,0.28901764739385605,0.12932521545841008,-0.14399425894724457,0.03754693366708395,0.7777102724043318,0.7874401478218521
RelaxedTask,dd_activity_pd_like,pd_like_score,stable_error,unstable,34,33,0.19245092811334155,0.24894280748403608,0.28901764739385605,0.145682092556915,-0.056491879370694525,0.089126559714795,0.534737592355059,0.6238605244142356
StretchHold,dd_activity_pd_like,pd_like_score,stable_error,stable_correct,34,47,0.473228979873265,-0.05616859779919014,0.42493216651984844,0.041113271283436004,0.5293975776724551,0.20775969962453056,0.11324507634256706,0.1761590076439932
StretchHold,dd_activity_pd_like,pd_like_score,stable_error,unstable,34,33,0.473228979873265,0.4974576123791087,0.42493216651984844,0.48507325113258803,-0.024228632505843672,0.05525846702317283,0.702085213424363,0.7560917683031602
TouchIndex,dd_activity_pd_like,pd_like_score,stable_error,stable_correct,34,47,0.8378686358022771,-0.4801411761861543,0.7595635223940169,-0.37564173990908556,1.3180098119884314,0.6032540675844806,4.06993737583176e-06,2.8489561630822318e-05
TouchIndex,dd_activity_pd_like,pd_like_score,stable_error,unstable,34,33,0.8378686358022771,0.41015661503796164,0.7595635223940169,0.6503028694607017,0.42771202076431547,0.19251336898395732,0.17760017393308936,0.25334314443672
TouchNose,dd_activity_pd_like,pd_like_score,stable_error,stable_correct,34,47,0.4389084871808126,-0.3121861978299891,0.2499546719415224,-0.3851047496920101,0.7510946850108017,0.36545682102628296,0.005278164076990569,0.012247570256421243
TouchNose,dd_activity_pd_like,pd_like_score,stable_error,unstable,34,33,0.4389084871808126,0.0053926001100802175,0.2499546719415224,-0.1506977287608165,0.4335158870707324,0.24598930481283432,0.08463248999413375,0.13939468940210265
,dd_activity_pd_like_summary,pd_like_activity_mean,stable_error,stable_correct,34,47,0.6938716284371237,-0.5335155403178389,0.7118156201766234,-0.3201057718431188,1.2273871687549627,0.834793491864831,1.7922729759094085e-10,2.509182166273172e-09
,dd_activity_pd_like_summary,pd_like_activity_mean,stable_error,unstable,34,33,0.6938716284371237,0.34232796141269556,0.7118156201766234,0.3471900549202453,0.35154366702442813,0.39393939393939403,0.005686371904767006,0.012247570256421243
,dd_activity_pd_like_summary,pd_like_activity_sd,stable_error,stable_correct,34,47,1.333440360484228,1.8227794913444046,1.2955944040618563,1.6673956861663621,-0.48933913086017666,-0.4405506883604505,0.0007689778944211645,0.0021531381043792606
,dd_activity_pd_like_summary,pd_like_activity_sd,stable_error,unstable,34,33,1.333440360484228,1.418306912798062,1.2955944040618563,1.4348612720321283,-0.08486655231383411,-0.18894830659536543,0.1858026024527032,0.25334314443672
,dd_activity_pd_like_summary,pd_like_activity_fraction,stable_error,stable_correct,34,47,0.6931818181818182,0.413926499032882,0.7045454545454546,0.4318181818181818,0.27925531914893625,0.8066332916145182,6.914384301523572e-10,6.4534253480886676e-09
,dd_activity_pd_like_summary,pd_like_activity_fraction,stable_error,unstable,34,33,0.6931818181818182,0.6019283746556474,0.7045454545454546,0.5909090909090908,0.09125344352617082,0.3538324420677361,0.012804767754073345,0.02560953550814669
