candidate,reference,metric,mean_delta,improved_splits,worse_splits,ci95_low,ci95_high,cohen_dz,wilcoxon_p,bh_q_primary
a2_delta,baseline,accuracy,-0.004298795943570366,6,7,-0.013884425772632554,0.004440415814487769,-0.22714573699510868,0.4419069764530993,
a2_delta,baseline,ba,-0.0015450202667353604,7,7,-0.004214194915503048,0.0008356129721384057,-0.29545972500626755,0.4703377962613965,0.627117061681862
a2_delta,baseline,auroc,0.00295005200699503,10,5,-0.0015128588902492736,0.0071947404457194135,0.3291992317533408,0.1876220703125,0.375244140625
a2_delta,baseline,macro_f1,-0.0030687246918278104,6,9,-0.009500223888618745,0.002672255603142959,-0.24654615152799875,0.48870849609375,
a2_delta,baseline,pd_recall,-0.008206836973960237,7,7,-0.03020702209058369,0.012621045703237514,-0.18619957174147697,0.550923682773407,
a2_delta,baseline,dd_recall,0.00511679644048942,7,5,-0.015883491945783392,0.026288921847320054,0.11669963732023321,0.7535919982037707,
a2_delta,a1_mean,accuracy,-0.0036432463616929683,4,10,-0.010241023270149507,0.0031824507746838113,-0.2674297659851753,0.25825139497654537,
a2_delta,a1_mean,ba,-0.0026142947006311183,3,11,-0.005210892650921135,0.00016706340942554158,-0.48550412183008457,0.10255510870954557,0.375244140625
a2_delta,a1_mean,auroc,0.0008956712971828503,8,7,-0.0043396348182031105,0.005692119455002835,0.08798824447848277,0.8202444727582786,0.8202444727582786
a2_delta,a1_mean,macro_f1,-0.0032963283975073828,4,11,-0.007775593214951749,0.001230017738444342,-0.3559432621918197,0.12054443359375,
a2_delta,a1_mean,pd_recall,-0.005179151754494208,4,7,-0.020243634045003914,0.010794458842404072,-0.16408354709430267,0.5631248881280981,
a2_delta,a1_mean,dd_recall,-4.943764676802835e-05,6,7,-0.016011205866600757,0.015673938120545437,-0.0015070018520361892,0.8887731973485813,
