variant,context,inner,prediction_agreement,mean_pair_agreement,mean_score_spearman
baseline,0,0,0.8095238095238095,0.873015873015873,0.879421521874352
baseline,0,1,0.5631067961165048,0.7087378640776699,0.7883114410812869
baseline,0,2,0.7156862745098039,0.8104575163398694,0.7399769674283249
baseline,1,0,0.7904761904761904,0.8603174603174604,0.7048897643237266
baseline,1,1,0.7692307692307693,0.8461538461538461,0.7378605213556672
baseline,1,2,0.5825242718446602,0.7216828478964401,0.6543513596626104
baseline,2,0,0.8666666666666667,0.9111111111111111,0.7390386343216532
baseline,2,1,0.7980769230769231,0.8653846153846154,0.8559692734450016
baseline,2,2,0.6504854368932039,0.7669902912621359,0.7139473414459138
baseline,3,0,0.6761904761904762,0.7841269841269841,0.756990807934204
baseline,3,1,0.780952380952381,0.8539682539682539,0.8727417236851198
baseline,3,2,0.7087378640776699,0.8058252427184466,0.7732541112038542
baseline,4,0,0.6952380952380952,0.7968253968253968,0.767171193586288
baseline,4,1,0.7333333333333333,0.8222222222222223,0.7573743866196697
baseline,4,2,0.8543689320388349,0.9029126213592233,0.8603032699263425
b1_raw,0,0,0.7428571428571429,0.8285714285714286,0.8100387034349299
b1_raw,0,1,0.5825242718446602,0.7216828478964401,0.661409597446148
b1_raw,0,2,0.6470588235294118,0.7647058823529411,0.7155043888169516
b1_raw,1,0,0.7523809523809524,0.834920634920635,0.7040223927016379
b1_raw,1,1,0.7692307692307693,0.8461538461538461,0.8448166720011381
b1_raw,1,2,0.5728155339805825,0.715210355987055,0.7464086456091025
b1_raw,2,0,0.6761904761904762,0.7841269841269841,0.7421832884097034
b1_raw,2,1,0.625,0.75,0.8034958568939152
b1_raw,2,2,0.7378640776699029,0.825242718446602,0.7136398248619837
b1_raw,3,0,0.7428571428571429,0.8285714285714286,0.8437867164282258
b1_raw,3,1,0.7238095238095238,0.8158730158730158,0.7941046375008639
b1_raw,3,2,0.7281553398058253,0.8187702265372168,0.866431636134663
b1_raw,4,0,0.7428571428571429,0.8285714285714286,0.7867682631833576
b1_raw,4,1,0.7333333333333333,0.8222222222222223,0.7145829013753541
b1_raw,4,2,0.7572815533980582,0.8381877022653721,0.7108648537831862
