representation,family,metric,positive_means_improved,mean_oriented_delta,wins,losses,wilcoxon_p,rank_biserial,bh_q_across_18_key_tests
str_subject_embedding,time_location_scale,r2_variance_weighted,True,0.009005090071705186,7,8,0.890380859375,0.05,0.9427562040441176
str_subject_embedding,time_location_scale,median_feature_spearman,True,-0.001935784297953456,9,6,1.0,0.0,1.0
str_subject_embedding,time_location_scale,normalized_mae,True,-0.022760562909489284,6,9,0.25238037109375,-0.35,0.3028564453125
str_subject_embedding,band_fraction,r2_variance_weighted,True,-0.06813490123887038,4,11,0.25238037109375,-0.35,0.3028564453125
str_subject_embedding,band_fraction,median_feature_spearman,True,-0.008665299394285276,7,8,0.27685546875,-0.3333333333333333,0.31146240234375
str_subject_embedding,band_fraction,normalized_mae,True,-0.025254030086073267,5,10,0.12054443359375,-0.4666666666666667,0.16690767728365385
str_structured_residual,time_location_scale,r2_variance_weighted,True,0.4795177899072086,15,0,6.103515625e-05,1.0,9.1552734375e-05
str_structured_residual,time_location_scale,median_feature_spearman,True,0.13438978033132873,15,0,6.103515625e-05,1.0,9.1552734375e-05
str_structured_residual,time_location_scale,normalized_mae,True,0.17025254177993093,15,0,6.103515625e-05,1.0,9.1552734375e-05
str_structured_residual,band_fraction,r2_variance_weighted,True,0.6776291329945751,15,0,6.103515625e-05,1.0,9.1552734375e-05
str_structured_residual,band_fraction,median_feature_spearman,True,0.07025899073134874,15,0,6.103515625e-05,1.0,9.1552734375e-05
str_structured_residual,band_fraction,normalized_mae,True,0.16925428404186169,15,0,6.103515625e-05,1.0,9.1552734375e-05
str_decision_input,time_location_scale,r2_variance_weighted,True,0.4087759671480195,15,0,6.103515625e-05,1.0,9.1552734375e-05
str_decision_input,time_location_scale,median_feature_spearman,True,0.12150445200961611,15,0,6.103515625e-05,1.0,9.1552734375e-05
str_decision_input,time_location_scale,normalized_mae,True,0.14162629325549275,15,0,6.103515625e-05,1.0,9.1552734375e-05
str_decision_input,band_fraction,r2_variance_weighted,True,0.3619153782750603,15,0,6.103515625e-05,1.0,9.1552734375e-05
str_decision_input,band_fraction,median_feature_spearman,True,0.05318392396336065,15,0,6.103515625e-05,1.0,9.1552734375e-05
str_decision_input,band_fraction,normalized_mae,True,0.07449278167276087,15,0,6.103515625e-05,1.0,9.1552734375e-05
