outer,inner,stability_group,error,final_true_margin,activity_true_margin_mean,activity_true_margin_min,activity_wrong_fraction,activity_conflict_rate,activity_margin_std,activity_margin_iqr,activity_abs_margin_mean,wrist_conflict_rate,wrist_disagreement_mean,wrist_disagreement_max,left_true_margin_mean,right_true_margin_mean,bilateral_true_margin_mean
0,0,stable_correct,0.08695652173913043,1.6226862080503202,1.2288103451567294,-2.5031848813936026,0.303030303030303,0.40649978041282386,2.3577514630532312,2.61455160443943,2.09689005797622,0.37988581466842336,2.374329380689366,7.40392370645817,0.8883675031753251,0.8663247376810542,0.8773461204281897
0,0,stable_error,0.8771929824561404,-1.3827103781595564,-0.6658991860750357,-5.586323923244521,0.6108452950558213,0.44338118022328543,2.4928452422597833,2.6451671100451803,2.10124612553469,0.46730462519936206,2.7275353004018186,7.6063655976553015,-0.43047575516047365,-0.5207297184103497,-0.47560273678541165
0,0,unstable,0.43137254901960786,-0.13571513648710998,0.2876996179824566,-4.038252842832047,0.4385026737967914,0.44705882352941173,2.3838090335374544,2.5582690731234283,1.9930790731859336,0.4545454545454546,2.6127517525968056,7.737127485286123,0.22659150366906275,0.19155962075548758,0.20907556221227516
0,1,stable_correct,0.12429378531073447,1.3894591827555904,0.7995593075771286,-3.0385566914095143,0.3451463790446841,0.433281972265023,2.284505855994097,2.4539553228580444,1.9365302761963556,0.4247560349255264,2.4104656007133536,7.277636893294687,0.5992037315916138,0.6809866478896099,0.6400951897406119
0,1,stable_error,0.7000000000000001,-1.1193824941913286,-0.2612880878876281,-4.900822661419813,0.5484848484848485,0.4581818181818181,2.643944594076095,2.608616730791549,2.1248644042402884,0.4454545454545454,2.595822907203861,7.882777856298749,-0.38106809019981674,-0.1502077362740666,-0.26563791323694175
0,1,unstable,0.4803921568627451,0.09908004685798112,0.2910192382719891,-3.884077742602056,0.4581105169340463,0.4859180035650624,2.3748149104724607,2.509132343884669,1.912902840388844,0.47860962566844917,2.5997906330608433,7.896495715405313,0.2478799663360818,0.28348893305239503,0.26568444969423843
0,2,stable_correct,0.10945273631840796,0.6774661939461432,0.9070001787887891,-2.4195999332585507,0.3156942559927634,0.41863410221619174,2.0234219113301712,2.1274517540093707,1.7635368537898621,0.41519674355495256,2.094151910279942,5.975656578088739,0.6761901683137564,0.8299601827420388,0.7530751755278976
0,2,stable_error,0.7857142857142857,-0.6817426227387928,-0.3561188797336974,-3.809980214557251,0.5887445887445888,0.4432900432900433,1.8872331071055832,2.017310485326196,1.58616428467844,0.4761904761904761,2.4024646658405437,6.902786112915297,-0.0350801837465697,-0.7016979818362165,-0.3683890827913931
0,2,unstable,0.4920634920634921,0.0033165872806594477,0.30752631104966927,-3.0829516872380753,0.443001443001443,0.4646464646464646,1.9849820836917378,2.143096967013672,1.649220066477999,0.45743145743145747,2.170599199629226,6.266923538860778,0.22366183586940733,0.17472214786133258,0.19919199186536996
1,0,stable_correct,0.08854166666666667,1.2969968547889341,0.8105179482940433,-2.5187701974856327,0.359375,0.4418560606060606,2.04473700472368,2.234750697299035,1.7591461443510292,0.4034090909090909,2.0678353984381044,5.844835476890272,0.6937382121206651,0.6120721009353671,0.6529051565280161
1,0,stable_error,0.8974358974358975,-1.1303959515614388,-0.542912700093801,-4.688739888539723,0.5967365967365967,0.4811188811188811,2.1627585320325178,2.2828894572601803,1.7465781842979597,0.5011655011655012,2.331041675838415,7.038847389847036,-0.46651606785988653,-0.38233336356739106,-0.4244247157136387
1,0,unstable,0.4523809523809524,0.04424579927165594,0.2030516213435681,-3.0839064160778396,0.44805194805194803,0.47575757575757577,1.8954983959314438,2.0907818132256786,1.5623215249988498,0.42424242424242425,1.960849646285747,5.543939797301633,0.14668461909900146,0.2068147235199567,0.17674967130947908
1,1,stable_correct,0.11282051282051282,0.41536471732915975,0.7341791616913574,-2.5986815635383516,0.33193473193473194,0.4227505827505827,1.8933841478350033,2.0022035066939687,1.655134962974689,0.4214452214452214,2.123569745309418,6.013299339218051,0.6753377678237928,0.6364931221682099,0.6559154449960014
1,1,stable_error,0.7619047619047619,-0.2892941541614987,-0.33671397930563446,-3.8443520034518515,0.5974025974025974,0.44069264069264064,1.9074810377768354,2.1118197456185874,1.6322186799808798,0.46103896103896097,2.2634958069446363,6.757945212584968,-0.11397873132117453,-0.3933639377991837,-0.25367133456017915
1,1,unstable,0.48,-0.09420672953128813,0.2948941946155782,-3.3874153852360656,0.4351515151515151,0.46981818181818175,2.028044482760754,2.1779551351654676,1.6987891246121833,0.45212121212121215,2.123704363472831,6.016304715076177,0.1747740815348117,0.2954506861191862,0.23511238382699898
1,2,stable_correct,0.12365591397849462,1.739327852524096,0.9334950565289614,-2.2698645609274366,0.3250244379276637,0.41368523949169106,1.9714687364490253,2.179570535486621,1.786065308860059,0.3905180840664711,2.0395236923521565,6.089939000762765,0.8603421611053346,0.7324393527387697,0.7963907569220522
1,2,stable_error,0.7291666666666666,-1.0784670369078715,-0.237842417594723,-4.015513170147453,0.5738636363636364,0.4454545454545455,2.113727868760222,2.4164665866155635,1.853483011140345,0.43371212121212127,2.344881115423144,6.281082912502012,-0.16780028147935266,-0.27348108190101666,-0.2206406816901846
1,2,unstable,0.44,0.1899755891164144,0.19251238610387236,-3.6584991409515797,0.45333333333333337,0.45478787878787874,2.133587791257793,1.9487047179492636,1.700341282186928,0.4254545454545455,2.2805957641785892,7.049192306813583,0.22216173795983482,0.1254539084513496,0.17380782320559218
2,0,stable_correct,0.13020833333333334,0.8519865891624553,0.79845471353561,-2.5001014200810587,0.3309659090909091,0.43030303030303024,1.9546573625822872,2.0000269938041355,1.6614376445691164,0.4114583333333333,1.949395716574666,5.867876141466868,0.6400414384712537,0.5746530628805471,0.6073472506759003
2,0,stable_error,0.9166666666666666,-1.057755005494174,-0.9039238795084703,-6.222323657032354,0.6085858585858586,0.45454545454545453,2.6121974504032095,2.782040928945287,2.1751763403125732,0.4444444444444445,2.367411139873976,6.77040388404136,-0.4066354500021685,-0.5827196162189793,-0.49467753311057394
2,0,unstable,0.4827586206896552,0.16575855843123347,0.3610322616479191,-3.1929119532820067,0.43678160919540227,0.4647857889237199,2.0660511364632943,2.017992775869296,1.6657173293787233,0.4524555903866248,2.2311554875527992,6.845007675558951,0.27785301312143507,0.3175718999216412,0.2977124565215381
2,1,stable_correct,0.05392156862745098,0.5524393592906348,0.8156807963515185,-2.155747291848996,0.3172905525846702,0.4301247771836007,1.7919156501908728,1.978553520291691,1.5783342280054777,0.42023172905525846,1.9387596768331854,5.49563581403311,0.7373443539023786,0.6420873919326335,0.689715872917506
2,1,stable_error,0.9333333333333332,-0.5763188171510895,0.0915707049419498,-3.9995658218573653,0.5090909090909091,0.47393939393939394,2.3736578187999373,2.093429970466497,1.8155558722172607,0.4424242424242424,2.2754187970463255,6.374315583487466,0.03931211789836436,-0.058799855938609674,-0.00974386902012265
2,1,unstable,0.4583333333333333,-0.13311463423694173,0.26684241079919585,-2.9399649723186925,0.4318181818181818,0.48712121212121207,1.8035399075549627,2.024761859895981,1.5044463341411134,0.45075757575757575,1.7997298913636082,5.178654932251772,0.15052472520888124,0.06077603220722098,0.10565037870805112
2,2,stable_correct,0.057971014492753624,1.8555534074019981,0.9192680450391993,-2.467137793278216,0.334211682037769,0.4275801493192797,2.1402381330264135,2.250555649229955,1.8405473971297592,0.41633728590250324,2.376060852486568,6.968541283806675,0.8052807804177661,0.9036883289878846,0.8544845547028254
2,2,stable_error,0.8888888888888888,-1.4254034182263746,-0.3549506364894313,-4.56151740664196,0.6035353535353535,0.44949494949494945,2.212492035386185,2.292450123182186,1.8586214165995225,0.457070707070707,2.6135887916207055,7.054091473134064,-0.2757518800476059,-0.41719893604555747,-0.3464754080465817
2,2,unstable,0.43939393939393945,-0.08320630065193682,-0.00022703116467432533,-3.9545611842048003,0.4696969696969697,0.4909090909090909,2.220354496991407,2.4910367773621402,1.8345295054615531,0.4517906336088154,2.504085154507232,7.897011005554791,-0.0027371591984322874,-0.16122446976138533,-0.08198081447990879
3,0,stable_correct,0.06280193236714976,1.7929524282794356,1.163263702863074,-2.3743406249452867,0.308300395256917,0.41739130434782606,2.3952727369905142,2.4295895527138702,2.039611056806087,0.4049187527448397,2.4422091148337803,7.208763761485243,0.9538535725629468,0.8656372722333406,0.9097454223981436
3,0,stable_error,0.875,-1.6360353415366262,-0.3552743289764591,-4.958309508700384,0.5511363636363636,0.4893939393939393,2.3312550494269404,2.6612429492916916,1.9013241030869708,0.4431818181818182,2.748166480199967,8.579863393164933,-0.29397756751529325,-0.3472625053419826,-0.32062003642863796
3,0,unstable,0.5499999999999999,-0.5374039294819036,0.31664185591446836,-3.8641850795315045,0.4196969696969697,0.46969696969696967,2.167843917971967,2.1842664175773105,1.761012036677445,0.4196969696969697,2.2731907985178488,6.4347877666732245,0.35941843214167585,0.306194852248135,0.3328066421949054
3,1,stable_correct,0.06349206349206349,0.5537275735229726,0.9666912601297893,-2.0358806174499575,0.31842231842231844,0.4032708032708032,1.923753877165608,2.0424161896947006,1.7558518438612827,0.41414141414141414,2.171051041517177,6.544432801039133,0.983259951229646,0.8108424654083471,0.8970512083189967
3,1,stable_error,0.9111111111111111,-0.729607476045688,-0.4352766611171301,-5.221972455428134,0.5717171717171717,0.46060606060606063,2.4503572784217034,2.5574003886447882,2.0212195722505304,0.44040404040404035,2.71705231546393,8.24791291449383,-0.28853770596372125,-0.32066567831222376,-0.30460169213797245
3,1,unstable,0.49382716049382713,-0.02277056454324428,0.18270174732939495,-3.742948448275341,0.4803591470258137,0.45656565656565656,2.151398038558898,2.1599157167208625,1.7453756079380556,0.4433221099887767,2.2319437178653985,6.790347793494706,0.15305049652867067,-0.032201301184607185,0.06042459767203173
3,2,stable_correct,0.0319634703196347,0.9049430031958781,0.7198725701806117,-2.102735682889515,0.33291822332918225,0.4257368202573682,1.6706843359527117,1.8669223796457253,1.4758062519728046,0.41511000415110005,1.9472782471155927,5.454525659512168,0.7227870259540482,0.619671281088969,0.6712291535215087
3,2,stable_error,1.0,-1.0280822412835227,-0.249440726044158,-3.677130319103251,0.5535353535353535,0.4719191919191919,1.8789691436348896,2.10206271431606,1.5912847027460624,0.4505050505050505,2.1097575231373664,6.094781263459126,-0.2649981356881788,-0.3716419667456255,-0.3183200512169021
3,2,unstable,0.4444444444444445,0.0197346536649598,0.25229197874619125,-2.5897461430900544,0.46666666666666673,0.4525252525252525,1.6825341046876272,1.7992245672244234,1.4434843519417413,0.46262626262626255,1.9803960660234114,5.224325447911349,0.030826269795534225,0.1476252351871369,0.08922575249133553
4,0,stable_correct,0.11111111111111112,0.6906389158066127,0.7262433648840299,-2.3425189942475404,0.3421168203776899,0.437241985068072,1.8285681387285886,1.9266558670016718,1.5734485354702459,0.3913043478260869,1.9328829774383234,5.746429722191951,0.6078669008699699,0.6794745572799091,0.6436707290749394
4,0,stable_error,0.8571428571428571,-0.6045588092612368,-0.28863957842073457,-3.8519941330914755,0.5541125541125541,0.4761904761904762,1.8765166970270375,2.1056218666456523,1.5631496986168871,0.4329004329004329,2.274652023301862,6.435760378654815,-0.22458053202876557,-0.1753780841546028,-0.19997930809168415
4,0,unstable,0.5,-0.09223394098719866,0.3309977181851496,-2.59477125059651,0.453168044077135,0.47548209366391186,1.8690149053750869,1.9118014936752854,1.4827281905110248,0.4724517906336088,2.0943896649161906,6.300842669516836,0.19406276628709748,0.16268457554079926,0.17837367091394837
4,1,stable_correct,0.1636363636363636,0.6054235831354603,1.042660742647134,-2.2411810878864427,0.3162534435261708,0.4257851239669421,2.062128884942974,2.3323006437766094,1.8586883920227935,0.38677685950413226,2.2370019174901565,6.356227953534076,0.9176962318184573,0.8765223734656455,0.8971093026420514
4,1,stable_error,0.8571428571428571,-0.7813294143194245,-1.1717961709931022,-5.837656111882427,0.6623376623376623,0.4329004329004329,2.5470278803153703,2.893881361255565,2.2510171246480764,0.37012987012987014,2.765721821475164,7.897910244188611,-1.0354625897844327,-1.0378163371135418,-1.036639463448987
4,1,unstable,0.5370370370370371,-0.05807513478039591,0.25803477266615854,-3.20432720450424,0.44528619528619523,0.45555555555555555,1.940901144964199,2.025122282514109,1.6335602589734506,0.4090909090909091,2.1055646675549995,5.800307248216078,0.12666070434269341,0.24120370703097108,0.18393220568683222
4,2,stable_correct,0.037037037037037035,1.0773298809546288,0.9630327181049783,-2.1823989716382037,0.3186026936026936,0.41430976430976435,1.968248080509605,2.161265890756635,1.7651691499160078,0.4166666666666667,2.0808942680082896,6.0775731003313735,0.807990294760854,0.7372445769447681,0.7726174358528111
4,2,stable_error,0.8333333333333334,-0.8030295661754079,-0.6386805108568608,-4.773313910441131,0.6085858585858586,0.45959595959595956,2.0036146305697553,2.1531143758792286,1.6797266368207546,0.4343434343434343,2.222652091350677,6.989193794730781,-0.5191161308021937,-0.7221873800115656,-0.6206517554068794
4,2,unstable,0.49122807017543857,-0.05996535973329293,0.2145100761546642,-3.1063491616092898,0.4529505582137161,0.4625199362041467,1.9420809263936096,2.089859925528821,1.6395748494363775,0.4370015948963317,2.2141607267965173,6.79923575224374,0.23122065786748305,0.1533431104296216,0.19228188414855232
