seed,outer,inner,n,best_epoch,epochs_run,last_train_loss,last_validation_loss,best_epoch_train_loss,best_epoch_validation_loss,accuracy,ba,auroc,macro_f1,pd_recall,dd_recall
42,0,0,105,11,23,0.07750223786002253,1.1235473766856428,0.4241316777903859,0.6881816412721361,0.6285714285714286,0.6708805579773321,0.6782911944202267,0.6173254835996635,0.5675675675675675,0.7741935483870968
42,0,1,103,22,34,0.009186984316540369,1.232945978930853,0.021746197737897363,1.0368843347702212,0.7766990291262136,0.7050228310502282,0.7251141552511415,0.71475015051174,0.8767123287671232,0.5333333333333333
42,0,2,102,14,26,0.015980266974880718,0.8996938309248756,0.24500432753792176,0.5792261695160585,0.7549019607843137,0.7560226735947095,0.7888521492678318,0.7262479871175522,0.7534246575342466,0.7586206896551724
42,1,0,105,9,21,0.09171215484395695,1.039145162669454,0.4988498562488003,0.7144631005468822,0.7428571428571429,0.6488666085440279,0.6290322580645161,0.6592957577214278,0.8783783783783784,0.41935483870967744
42,1,1,104,9,21,0.06946863017331523,0.7682402546589191,0.5022774785757065,0.5807031117952787,0.7980769230769231,0.7193693693693693,0.7716216216216216,0.7341448569689593,0.9054054054054054,0.5333333333333333
42,1,2,103,12,24,0.09188941115754072,0.7862196758534145,0.39569754877158897,0.6571468838210245,0.7281553398058253,0.6904109589041096,0.7027397260273973,0.6826584507042254,0.7808219178082192,0.6
42,2,0,105,31,43,0.007870398844245839,1.1491129920596168,0.019957770440493516,1.056204724879492,0.7428571428571429,0.6863557105492589,0.7122929380993898,0.6880844977445264,0.8243243243243243,0.5483870967741935
42,2,1,104,21,33,0.019168024990134515,1.3889229564139476,0.11113220324309972,1.1611898191846335,0.7596153846153846,0.6527027027027027,0.6653153153153154,0.6662816069824156,0.9054054054054054,0.4
42,2,2,103,15,27,0.07776511044343978,0.731273240256078,0.35308627292299954,0.6285142594749488,0.7669902912621359,0.7276255707762557,0.7552511415525115,0.7231182795698925,0.821917808219178,0.6333333333333333
42,3,0,105,19,31,0.018436284699978735,0.9971359127156791,0.16194969429992712,0.8538205256242127,0.7523809523809524,0.6743679163034002,0.7035745422842198,0.6834415584415585,0.8648648648648649,0.4838709677419355
42,3,1,105,7,19,0.10588549435711823,0.8333069284756979,0.6010095259317985,0.6405870829309736,0.6761904761904762,0.7140366172624237,0.7266782911944203,0.6626984126984127,0.6216216216216216,0.8064516129032258
42,3,2,103,28,40,0.011033233476891405,0.8665961736035579,0.044429411215796355,0.7961723248935441,0.8349514563106796,0.7853881278538812,0.8050228310502283,0.7938302131166843,0.9041095890410958,0.6666666666666666
42,4,0,105,19,31,0.03376416340828515,1.0015360359457277,0.21466240730996317,0.6852863111666271,0.7714285714285715,0.7628596338273758,0.7493461203138624,0.7428571428571429,0.7837837837837838,0.7419354838709677
42,4,1,105,26,38,0.021106235324763335,1.301365750694337,0.08790954850757352,1.0900531504702355,0.7238095238095238,0.6728421970357454,0.6970357454228423,0.6712018140589568,0.7972972972972973,0.5483870967741935
42,4,2,103,21,33,0.016483643278479575,0.6560618449183344,0.12898338493846712,0.5507668343562524,0.7281553398058253,0.7591324200913242,0.8045662100456621,0.7111378205128205,0.684931506849315,0.8333333333333334
43,0,0,105,11,23,0.025194033012702698,1.1588675553588905,0.43270832329261594,0.6043209785506839,0.7333333333333333,0.7170880557977333,0.7306015693112468,0.7,0.7567567567567568,0.6774193548387096
43,0,1,103,12,24,0.011303698970229873,1.1487238974247165,0.3003417486729829,0.6908106485616814,0.7087378640776699,0.6865296803652967,0.6926940639269407,0.6707161125319694,0.7397260273972602,0.6333333333333333
43,0,2,102,9,21,0.04809471062169625,0.8575454202352786,0.5513704499373069,0.5858749922584084,0.7745098039215687,0.7489371752479925,0.7727916863486065,0.7359000337723742,0.8082191780821918,0.6896551724137931
43,1,0,105,12,24,0.018908015780762774,1.1092737935416932,0.36394954418790515,0.6569186976977757,0.6571428571428571,0.6442894507410637,0.6813426329555361,0.6244038155802862,0.6756756756756757,0.6129032258064516
43,1,1,104,11,23,0.016624458241634645,1.3750803023576736,0.36534943546240145,0.6544524431228638,0.6730769230769231,0.681081081081081,0.7022522522522522,0.6475279106858054,0.6621621621621622,0.7
43,1,2,103,9,21,0.019629112102256187,1.2709253488235104,0.4312365214790454,0.6293912558879667,0.6504854368932039,0.6552511415525114,0.7045662100456621,0.6246963562753036,0.6438356164383562,0.6666666666666666
43,2,0,105,14,26,0.016152549121114943,1.3339095223517645,0.1891662762072927,0.7902398773602077,0.6571428571428571,0.6349171752397559,0.6861377506538796,0.6195652173913043,0.6891891891891891,0.5806451612903226
43,2,1,104,19,31,0.013222688889632432,1.0856792339338706,0.0914949278275554,0.8051772954372259,0.7596153846153846,0.7319819819819819,0.7626126126126127,0.7202797202797203,0.7972972972972973,0.6666666666666666
43,2,2,103,12,24,0.03563147957512494,0.894270586157308,0.4088164318406411,0.5646606782107677,0.7475728155339806,0.7826484018264841,0.8036529680365296,0.7317708333333333,0.6986301369863014,0.8666666666666667
43,3,0,105,16,28,0.01925731204951612,1.3200648318952604,0.18408914411870334,0.8055350371237312,0.7142857142857143,0.7035745422842197,0.6857018308631211,0.6829710144927537,0.7297297297297297,0.6774193548387096
43,3,1,105,8,20,0.05510212215953148,1.2727340287905895,0.567931028512808,0.6506322781244914,0.7047619047619048,0.6499564080209241,0.6556233653007848,0.6485260770975056,0.7837837837837838,0.5161290322580645
43,3,2,103,8,20,0.06466744911989995,1.061746696824009,0.5397075945422762,0.6168316434888006,0.7378640776699029,0.6776255707762557,0.719634703196347,0.6793497059840885,0.821917808219178,0.5333333333333333
43,4,0,105,12,24,0.023028861820841066,1.0527932999566907,0.3256833232366122,0.6365465600575719,0.7523809523809524,0.7212292938099389,0.7441150828247602,0.7127525252525253,0.7972972972972973,0.6451612903225806
43,4,1,105,15,27,0.020806548597577672,1.2843442421583902,0.16202176075715286,0.8382984944752284,0.7047619047619048,0.7061900610287708,0.6765475152571927,0.6785185185185185,0.7027027027027027,0.7096774193548387
43,4,2,103,10,22,0.053905397955150834,0.9213398660270913,0.4649676171087083,0.5539111523952299,0.7572815533980582,0.730593607305936,0.7949771689497717,0.7190398254228041,0.7945205479452054,0.6666666666666666
44,0,0,105,12,24,0.028428364267981635,1.3648260422671834,0.3981478898263559,0.62910268448648,0.7142857142857143,0.6660854402789886,0.6952920662598081,0.6628852739726028,0.7837837837837838,0.5483870967741935
44,0,1,103,11,23,0.021560819810571303,1.3506822609207005,0.37611970219059265,0.6716717904053845,0.7184466019417476,0.654109589041096,0.6675799086757991,0.6555978323532803,0.8082191780821918,0.5
44,0,2,102,7,19,0.08750925886516388,0.8444481758656455,0.6222719882543271,0.6281550362998364,0.7254901960784313,0.6939064714218233,0.7005196032120926,0.68125,0.7671232876712328,0.6206896551724138
44,1,0,105,19,31,0.0169505238407044,1.3754516450732592,0.08515970714858188,1.0753724365273403,0.7333333333333333,0.6233653007846556,0.6678291194420227,0.6325,0.8918918918918919,0.3548387096774194
44,1,1,104,16,28,0.01628116561243167,1.0233199395812476,0.18228417491683593,0.6688044942342318,0.75,0.7153153153153153,0.7315315315315316,0.7065972222222222,0.7972972972972973,0.6333333333333333
44,1,2,103,13,25,0.025292860292807293,1.3056823625726608,0.2863886370613244,0.8488459543695728,0.7087378640776699,0.6570776255707762,0.6429223744292238,0.6538978494623655,0.7808219178082192,0.5333333333333333
44,2,0,105,7,19,0.07339703362741044,1.0065957500821068,0.6068576372763961,0.6304808213597253,0.7047619047619048,0.6780732345248475,0.6791630340017436,0.6654332408263953,0.7432432432432432,0.6129032258064516
44,2,1,104,6,18,0.14433483349589202,0.9579000725195959,0.635399185694181,0.6507726563857152,0.7307692307692307,0.6918918918918919,0.6873873873873874,0.6840277777777778,0.7837837837837838,0.6
44,2,2,103,6,18,0.11100699513722835,0.8159706494183216,0.6471748397681132,0.6309674087079983,0.7572815533980582,0.6815068493150684,0.6913242009132421,0.6899458157736303,0.863013698630137,0.5
44,3,0,105,18,30,0.02004620082712231,1.307211382004122,0.1391630139775001,0.7415448022030648,0.6952380952380952,0.699433304272014,0.7262423714036618,0.6700706991358995,0.6891891891891891,0.7096774193548387
44,3,1,105,8,20,0.03650959982321812,1.3375691439734683,0.5006014085732974,0.62412645646504,0.7142857142857143,0.7035745422842197,0.7109851787271142,0.6829710144927537,0.7297297297297297,0.6774193548387096
44,3,2,103,11,23,0.053677250941594444,0.8227143041717196,0.3730988275437128,0.5856060947029336,0.7864077669902912,0.7413242009132419,0.7835616438356164,0.7413242009132419,0.8493150684931506,0.6333333333333333
44,4,0,105,9,21,0.037362692125428185,1.1309196802610089,0.5197317118828113,0.5770942912215278,0.7714285714285715,0.7253705318221447,0.7689625108979947,0.7253705318221447,0.8378378378378378,0.6129032258064516
44,4,1,105,9,21,0.0639956473516157,1.3368087758088396,0.36841418135624665,0.789714430343537,0.6571428571428571,0.6161726242371404,0.6299040976460333,0.6085335542667771,0.7162162162162162,0.5161290322580645
44,4,2,103,13,25,0.02234078392031647,0.9920202606511348,0.31460659816151576,0.6055156814241872,0.7961165048543689,0.7285388127853881,0.7821917808219178,0.7395544852498495,0.8904109589041096,0.5666666666666667
