candidate,reference,metric,delta,wins,ci_low,ci_high,dz,p,bh_q
lastblock_single,frozen_single,accuracy,0.006223630104269702,10,-0.002938245765487417,0.016182571439496026,0.3175346581187872,0.2010979480418701,0.5484489492051002
lastblock_single,frozen_single,ba,0.00475727407356162,10,-0.0006898236023824257,0.010207551083471083,0.4307374743388743,0.1688232421875,0.5064697265625
lastblock_single,frozen_single,auroc,0.009355204321300629,11,0.002876868693704755,0.015463625266054224,0.7274742994921752,0.01507568359375,0.113067626953125
lastblock_single,frozen_single,macro_f1,0.006239551003289723,11,-0.000284233392431982,0.01312262886874952,0.4556610410277474,0.10699462890625,0.4585484095982143
lastblock_single,frozen_single,pd_recall,0.008149245135546535,6,-0.012324859105681027,0.030375683903081162,0.18317387518581377,0.6376838503977392,0.8318696072968738
lastblock_single,frozen_single,dd_recall,0.0013653030115766387,7,-0.023315391587360425,0.02429071396201543,0.027493720734667795,0.5299552725420018,0.8318696072968738
equal_mix_per_seed,frozen_single,accuracy,0.0006699549789212759,6,-0.007004278850366807,0.008958607669272999,0.04187230552080768,1.0,1.0
equal_mix_per_seed,frozen_single,ba,-0.00511174651574177,5,-0.011545308786470875,0.0011964820123581317,-0.39182565167036093,0.1688232421875,0.5064697265625
equal_mix_per_seed,frozen_single,auroc,0.008891180024555039,14,0.006072121171104853,0.011518198818075451,1.5834118270878965,0.00018310546875,0.00274658203125
equal_mix_per_seed,frozen_single,macro_f1,-0.001834729863626028,6,-0.008560377455367833,0.004865108804459487,-0.13039572711745046,0.5994873046875,0.8318696072968738
equal_mix_per_seed,frozen_single,pd_recall,0.008745732033403276,10,-0.005364371220535606,0.02494168826360606,0.2807898233742546,0.3783861346250754,0.8108274313394473
equal_mix_per_seed,frozen_single,dd_recall,-0.01896922506488691,5,-0.038109092407201416,-0.0014059860750628573,-0.5049706952505327,0.13171371691352318,0.49392643842571193
frozen_3seed_ensemble,frozen_single,accuracy,0.011714043513015526,7,-0.005778220922424231,0.029844298635560786,0.31929084761979254,0.3454475304692258,0.7971866087751365
frozen_3seed_ensemble,frozen_single,ba,0.00038035094231481846,8,-0.016533271336462003,0.01810602473197142,0.010664271297429551,0.846923828125,0.8761280980603449
frozen_3seed_ensemble,frozen_single,auroc,0.02206677672842512,15,0.01703021377770718,0.02657464781892228,2.2688140684094686,6.103515625e-05,0.0018310546875
frozen_3seed_ensemble,frozen_single,macro_f1,0.0075463727485008516,8,-0.010691856093813215,0.026573120040701705,0.1952985741018877,0.5614013671875,0.8318696072968738
frozen_3seed_ensemble,frozen_single,pd_recall,0.02765230984409067,12,0.0066133942161339335,0.0491348883129705,0.627768804566216,0.02480960737861543,0.1488576442716926
frozen_3seed_ensemble,frozen_single,dd_recall,-0.026891607959461144,4,-0.04897060519919254,-0.0025086103901454464,-0.5609470703819777,0.04444836525422108,0.22224182627110536
equal_6model_ensemble,frozen_3seed_ensemble,accuracy,-0.003254916604431157,5,-0.014874402835567868,0.008271936531645284,-0.13704463156519334,0.50361225732956,0.8318696072968738
equal_6model_ensemble,frozen_3seed_ensemble,ba,-0.005009773361518843,4,-0.01635214423438022,0.006956842281963777,-0.2078521143636219,0.5047392591799146,0.8318696072968738
equal_6model_ensemble,frozen_3seed_ensemble,auroc,0.005380886089740707,14,0.002801157794544699,0.007409716671125879,1.1267235074189208,0.0042724609375,0.042724609375
equal_6model_ensemble,frozen_3seed_ensemble,macro_f1,-0.00425421158943006,5,-0.016168729925536873,0.007267972700418139,-0.1765802356682043,0.5829195472688132,0.8318696072968738
equal_6model_ensemble,frozen_3seed_ensemble,pd_recall,-0.0009872886585215199,6,-0.019215414044181155,0.0206343329631001,-0.024364202008199852,0.7215797250891103,0.8658956701069322
equal_6model_ensemble,frozen_3seed_ensemble,dd_recall,-0.009032258064516123,5,-0.04007347670250895,0.017275985663082423,-0.15642469724412267,0.7874064906662692,0.8761280980603449
equal_6model_ensemble,lastblock_3seed_ensemble,accuracy,-0.0025892443111175186,7,-0.014209987019453026,0.008912625891780662,-0.10937521359598135,0.7002677179489333,0.8658956701069322
equal_6model_ensemble,lastblock_3seed_ensemble,ba,-0.002568762554743927,7,-0.014535770841772948,0.009378551380398946,-0.10400657540309627,0.5097974849608639,0.8318696072968738
equal_6model_ensemble,lastblock_3seed_ensemble,auroc,0.0016215383408764014,10,-0.002116457460401333,0.004895782406814451,0.22456088877866873,0.22930908203125,0.573272705078125
equal_6model_ensemble,lastblock_3seed_ensemble,macro_f1,-0.0026189026272657105,7,-0.014812022518444557,0.009406853406883709,-0.10539825916870443,0.6377666989276032,0.8318696072968738
equal_6model_ensemble,lastblock_3seed_ensemble,pd_recall,-0.002690361594471165,7,-0.018919227446624703,0.011773417252869341,-0.08611915189644072,0.8444010577369414,0.8761280980603449
equal_6model_ensemble,lastblock_3seed_ensemble,dd_recall,-0.002447163515016689,4,-0.023131874922753683,0.01949820788530466,-0.055784498585526664,0.8332316252704,0.8761280980603449
