variant,context,inner,accuracy,ba,auroc,macro_f1,pd_recall,dd_recall
activity_scaling,0,0,0.7206349206349206,0.6768381284510316,0.7115664051147922,0.670527741179915,0.7837837837837838,0.5698924731182796
activity_scaling,0,1,0.7055016181229773,0.6842465753424657,0.715372907153729,0.6627748249716213,0.7351598173515982,0.6333333333333333
activity_scaling,0,2,0.7875816993464052,0.7649976381672178,0.8011336797354747,0.7509673188481315,0.817351598173516,0.7126436781609194
activity_scaling,1,0,0.7619047619047619,0.7123655913978495,0.7519616390584133,0.7129148979464054,0.8333333333333334,0.5913978494623656
activity_scaling,1,1,0.7884615384615384,0.7489489489489488,0.7593093093093093,0.7451219039210496,0.8423423423423424,0.6555555555555556
activity_scaling,1,2,0.7411003236245954,0.7126331811263319,0.7482496194824962,0.7000145191786983,0.7808219178082192,0.6444444444444445
activity_scaling,2,0,0.7873015873015873,0.724135425748329,0.7358326068003488,0.7334530054077976,0.8783783783783784,0.5698924731182796
activity_scaling,2,1,0.6698717948717948,0.6854354354354354,0.7351351351351352,0.6461835495940396,0.6486486486486487,0.7222222222222222
activity_scaling,2,2,0.7411003236245954,0.7159056316590563,0.7567732115677321,0.7005589762338035,0.776255707762557,0.6555555555555556
activity_scaling,3,0,0.726984126984127,0.715707643126998,0.7739029351932579,0.6955343953083304,0.7432432432432433,0.6881720430107526
activity_scaling,3,1,0.7015873015873016,0.69768962510898,0.7641673931996512,0.6723243442676132,0.7072072072072072,0.6881720430107526
activity_scaling,3,2,0.7896440129449838,0.7926940639269406,0.8421613394216134,0.7657504167435092,0.7853881278538813,0.8000000000000002
activity_scaling,4,0,0.7714285714285714,0.7503632664922987,0.8198198198198199,0.7369896397827415,0.8018018018018017,0.6989247311827956
activity_scaling,4,1,0.7238095238095239,0.6822144725370531,0.6838128451031676,0.6758154092797941,0.7837837837837838,0.5806451612903226
activity_scaling,4,2,0.7928802588996763,0.7524353120243531,0.800152207001522,0.750750714168161,0.8493150684931506,0.6555555555555556
baseline,0,0,0.7142857142857143,0.6723336239465271,0.7086602731764021,0.666439635654999,0.7747747747747747,0.5698924731182796
baseline,0,1,0.6990291262135923,0.6796803652968036,0.7115677321156774,0.6568344367858968,0.7260273972602739,0.6333333333333333
baseline,0,2,0.7777777777777778,0.7512202802708234,0.802708234923634,0.7387989575818859,0.8127853881278538,0.689655172413793
baseline,1,0,0.7523809523809524,0.7056088346410926,0.7369950595757047,0.704111491628615,0.8198198198198199,0.5913978494623656
baseline,1,1,0.7884615384615384,0.7489489489489488,0.7570570570570571,0.7451219039210496,0.8423423423423424,0.6555555555555556
baseline,1,2,0.744336569579288,0.7149162861491628,0.7488584474885845,0.7034528519265018,0.7853881278538813,0.6444444444444445
baseline,2,0,0.7936507936507936,0.734888113920372,0.7333623946527172,0.7434969737850992,0.8783783783783784,0.5913978494623656
baseline,2,1,0.6698717948717948,0.6854354354354354,0.7339339339339338,0.6461835495940396,0.6486486486486487,0.7222222222222222
baseline,2,2,0.7249190938511326,0.7208523592085235,0.7764079147640791,0.6946769465872858,0.730593607305936,0.7111111111111111
baseline,3,0,0.7238095238095239,0.7134553908747456,0.7725951758209822,0.692627828354373,0.7387387387387387,0.6881720430107526
baseline,3,1,0.7047619047619048,0.6999418773612321,0.7648939261842488,0.675160702905545,0.7117117117117117,0.6881720430107526
baseline,3,2,0.8122977346278316,0.7923135464231356,0.8388127853881278,0.7804477565789808,0.8401826484018264,0.7444444444444445
baseline,4,0,0.7682539682539682,0.7512351060738157,0.8174949142691078,0.7352958112232413,0.7927927927927927,0.7096774193548386
baseline,4,1,0.7238095238095239,0.6759662888695147,0.6827956989247311,0.6715874875078857,0.7927927927927928,0.5591397849462366
baseline,4,2,0.7864077669902912,0.7478691019786909,0.8071537290715373,0.7446039602121496,0.8401826484018264,0.6555555555555556
