,42_0_0,42_0_1,42_0_2,42_1_0,42_1_1,42_1_2,42_2_0,42_2_1,42_2_2,42_3_0,42_3_1,42_3_2,42_4_0,42_4_1,42_4_2,43_0_0,43_0_1,43_0_2,43_1_0,43_1_1,43_1_2,43_2_0,43_2_1,43_2_2,43_3_0,43_3_1,43_3_2,43_4_0,43_4_1,43_4_2,44_0_0,44_0_1,44_0_2,44_1_0,44_1_1,44_1_2,44_2_0,44_2_1,44_2_2,44_3_0,44_3_1,44_3_2,44_4_0,44_4_1,44_4_2
42_0_0,1.0,0.6813298940700316,0.7639552919400069,0.8934883515398312,0.8105728190380614,0.868625605481187,0.747945801353706,0.8001591152151211,0.876988734302469,0.7911618982880233,0.8273294705101584,0.6670259021916649,0.7981285145845222,0.7275304376497527,0.7427932604960233,0.8100880688826317,0.6774336088663804,0.7594275365979498,0.8098886179875892,0.7061256092424529,0.8029300641523718,0.6864587897566341,0.636676464967784,0.7521887252954436,0.6784835805647184,0.7504915032959681,0.7628733289972466,0.6921606003973703,0.6811983372964947,0.7248492616000762,0.8138054365569466,0.6916062442693024,0.763620020583609,0.7241104459169492,0.7035748638361106,0.8198858935424754,0.7759482998316833,0.751772228600192,0.7691562010525874,0.6232349720091604,0.7583634217131082,0.7788714158367346,0.7408692991697675,0.6410197972712511,0.660724850720421
42_0_1,0.6813298940700316,1.0,0.7430109126976726,0.6978334124129169,0.6919944898429322,0.7022135512823969,0.694419245930334,0.6091482299485682,0.7180193568051542,0.6939154794698695,0.7140518927923,0.6515417117095733,0.7286954624066089,0.6879821405563254,0.6448576646257611,0.6235661380132971,0.6512010888836327,0.6111863587967613,0.6388052310341918,0.5688119525688464,0.6731477859330269,0.603969004526474,0.5301124445556654,0.6778549538089389,0.585149892535463,0.6534754135392257,0.6223748065071659,0.6126851700347737,0.6154008146141106,0.5828375141231021,0.6637455704105568,0.62076902490925,0.6129332868542251,0.6314200999747249,0.5939627195224467,0.6997921865161213,0.6357609340236332,0.6008660819961188,0.6992508848336728,0.6361109471215847,0.6691256760500033,0.6598914239404862,0.6571100025556057,0.5786898231036738,0.5669904939823737
42_0_2,0.7639552919400069,0.7430109126976726,1.0,0.815141866673169,0.7916054326483127,0.7678271925018249,0.6890131873903133,0.7181308418300467,0.8303229892853853,0.8078243769787408,0.7773916961569736,0.7056640321966774,0.8003627756708549,0.7531242707502205,0.7339704772353804,0.6929905162311463,0.621552400431866,0.6902941860053262,0.7080008767928473,0.6328928693843417,0.7088989889583448,0.6342504725816773,0.5777062005076026,0.6631951247132927,0.663928521591026,0.6891394439891211,0.6239791900048545,0.6666591091135462,0.6466488778830025,0.717536794810302,0.6944626930295917,0.6309515520915171,0.6770218170810961,0.6274526958591955,0.6722989833740985,0.7243147583097631,0.6832760546041289,0.6868543430910534,0.6998173571473931,0.6447977972848733,0.6957684462197936,0.6706510544472222,0.6871053281656094,0.642440536792074,0.64094073246085
42_1_0,0.8934883515398312,0.6978334124129169,0.815141866673169,1.0,0.8556379790624619,0.9190096015797548,0.7782100467868764,0.7549957455020184,0.8673623144174022,0.8379518975263351,0.9022546356703766,0.6903783159038546,0.8464784890027063,0.8320096011438628,0.7280536196024763,0.8467261497757431,0.7183523701746306,0.7914015218080175,0.8558190046496825,0.723505147276674,0.8714927206980035,0.7176593759680182,0.5887579662089039,0.753762266949936,0.6819215012413212,0.7767280051303609,0.8697471809093514,0.7595803096860136,0.7645917162296262,0.780546192851283,0.8611914128820299,0.7257749639348859,0.8233868428726309,0.7165082034288593,0.7198715716848872,0.8500950425595337,0.8641947535229109,0.8454228627729462,0.8555878648674469,0.66464844778188,0.8245106522833361,0.8746345562740816,0.8501731204455868,0.740576053055058,0.7047099644050079
42_1_1,0.8105728190380614,0.6919944898429322,0.7916054326483127,0.8556379790624619,1.0,0.8057178412936333,0.7943184803210624,0.7947477395008268,0.8655770939977983,0.7989096095974629,0.8690047758329201,0.6599410233479921,0.7921478924778069,0.7286027456512855,0.711966262024688,0.7412451279958991,0.7026755954087923,0.7462087204532581,0.7366653111027022,0.6838913577643763,0.7429576192930674,0.6923674542219493,0.608204543089885,0.6892788529101751,0.659575247270712,0.7524187962012922,0.693116228601881,0.6814238321209853,0.6486358066114237,0.6652028864969678,0.7591494088103163,0.6823831317418928,0.7456328094248913,0.65600227807514,0.6832260651005942,0.7594140324958477,0.7509631408238832,0.7480771110375676,0.7801992918181705,0.6038628754447202,0.7666663332487778,0.7107384825840443,0.7367475154897197,0.670890049838455,0.634697636495093
42_1_2,0.868625605481187,0.7022135512823969,0.7678271925018249,0.9190096015797548,0.8057178412936333,1.0,0.7756486987248338,0.7346982304671333,0.8427579540429182,0.766732226844355,0.9189483500312634,0.6389952773948514,0.8413177207708087,0.8093460767340744,0.6632228508004647,0.7991873297038876,0.772157647443145,0.8174234549878224,0.850448314263813,0.7950531663258545,0.8982923423888229,0.7553650859379597,0.625163384959162,0.7985580526107374,0.6975334319958348,0.8403618700862356,0.8543317067633612,0.7705616727477992,0.7891169228547472,0.7289386764416833,0.8477322020012037,0.7322901168810889,0.8105185145668489,0.6968674113446037,0.6742636604820721,0.8554253111633455,0.8676378485531102,0.882147936459303,0.8303874517798377,0.6121607756214534,0.8252892142694153,0.8307761236510957,0.8301567175349693,0.7140429208406894,0.5999994794063968
42_2_0,0.747945801353706,0.694419245930334,0.6890131873903133,0.7782100467868764,0.7943184803210624,0.7756486987248338,1.0,0.6692142538354524,0.804246654559632,0.6670332590418556,0.7780703314929535,0.6207062651419617,0.7867674848730938,0.7150921507799284,0.6376764147771725,0.7450891227835771,0.6604883568714065,0.6361135641115839,0.6973412149259097,0.6648442398298255,0.7542107259733437,0.7178437078017467,0.5796564711962614,0.7563901676636053,0.5887286398558838,0.7393636636826998,0.7497536967604325,0.7129966549226876,0.7299335651516802,0.6601455212639544,0.7137462120359678,0.5975090265424575,0.5999287562772698,0.6110811791929627,0.5757275646871014,0.7212854580920486,0.705374053079647,0.6312262376568375,0.7193389918472717,0.5360664959076746,0.6931859067825721,0.7122146672702583,0.7065967029649292,0.6429082255982322,0.5812603136133346
42_2_1,0.8001591152151211,0.6091482299485682,0.7181308418300467,0.7549957455020184,0.7947477395008268,0.7346982304671333,0.6692142538354524,1.0,0.8817979297156316,0.8302664535235119,0.7526137549132703,0.743321931280824,0.7645530625369645,0.6813297220630439,0.7909239424978535,0.6976396784341723,0.5622776907353628,0.6318041577769324,0.6067473698877601,0.5914776354464768,0.6714224347001583,0.5831703635529283,0.5767676717773664,0.6055312834933425,0.6350451407663141,0.6249686483650331,0.5730766003760436,0.5789300479797592,0.5298256874501353,0.6320167188126815,0.6682360219921811,0.5644963629328177,0.6148581674769839,0.6304722604087585,0.6575037356881578,0.7394019840178575,0.6140574016044292,0.6352083583104133,0.6780456448016418,0.6273506300933724,0.6884958141138052,0.6371244416611266,0.6015112457209437,0.6026460937573109,0.6498519864803408
42_2_2,0.876988734302469,0.7180193568051542,0.8303229892853853,0.8673623144174022,0.8655770939977983,0.8427579540429182,0.804246654559632,0.8817979297156316,1.0,0.8712638315744999,0.8688663494778722,0.7841174855687316,0.8433470234490439,0.7900200364689727,0.8299511284770014,0.7772984743666874,0.7093080518144466,0.6959841390587389,0.7509938204790271,0.6587930944436166,0.7669643961902046,0.7284603242141842,0.613027801288343,0.7247275370879809,0.6892456002132041,0.7869693903955312,0.7583276353383316,0.709936257063094,0.6710137520288292,0.7688192783486523,0.79370249859809,0.72083888976362,0.7070137299503606,0.6989421285640792,0.7399363303052606,0.7999602347325083,0.8013103805079395,0.7467019826543753,0.779239497138731,0.68780533216928,0.8205936307303181,0.7813795844698781,0.7508010489171679,0.7154959251157637,0.7301387050545356
42_3_0,0.7911618982880233,0.6939154794698695,0.8078243769787408,0.8379518975263351,0.7989096095974629,0.766732226844355,0.6670332590418556,0.8302664535235119,0.8712638315744999,1.0,0.7669582570758026,0.7976063621989645,0.83275706532427,0.767463738785402,0.8074484549000496,0.7034803197162214,0.612464168084352,0.70417737750517,0.7345973172500626,0.6135759535588912,0.6863450358607808,0.591452256635318,0.5672108245684696,0.6499372620581774,0.6902391701389023,0.6503723270252311,0.6563134787408679,0.6578911459669252,0.6255574145229106,0.681407147500685,0.727010861627683,0.660341408664033,0.7057285716633371,0.6839829463190183,0.7169389947320939,0.7440107959974986,0.6745970849920709,0.7065944110249647,0.7391488526236015,0.7164045284665245,0.7321940579190604,0.7272429303165984,0.7431071953611498,0.6453370859420375,0.7180015768612644
42_3_1,0.8273294705101584,0.7140518927923,0.7773916961569736,0.9022546356703766,0.8690047758329201,0.9189483500312634,0.7780703314929535,0.7526137549132703,0.8688663494778722,0.7669582570758026,1.0,0.6207742016639997,0.7918481984604911,0.828953636097881,0.654376538448686,0.7639851441974911,0.8134644225151911,0.8006234062218471,0.7891184910523665,0.7714781844183962,0.8722422624134204,0.7293175815835693,0.5635930261139512,0.7939299704797834,0.6654868139089085,0.8318989704354305,0.8341728882506275,0.7188185725744871,0.7991857939972128,0.7714799776657492,0.8005997170961053,0.7711521434389063,0.8339020986588059,0.627669274826962,0.6959602995369238,0.810098223516034,0.894197185454726,0.8453174024293708,0.8992224717946393,0.6068842391428462,0.8368523755521688,0.7941469872093,0.7765796193305662,0.7726969442869125,0.656023748736534
42_3_2,0.6670259021916649,0.6515417117095733,0.7056640321966774,0.6903783159038546,0.6599410233479921,0.6389952773948514,0.6207062651419617,0.743321931280824,0.7841174855687316,0.7976063621989645,0.6207742016639997,1.0,0.7376943162722283,0.7396625463750747,0.7764013783915683,0.5928215645857823,0.5650346652321141,0.574116911199254,0.6512259128956887,0.5107563068202006,0.5972465132656076,0.5611251318999552,0.5028622266629813,0.6069630062404715,0.5891426681862526,0.6088630277385655,0.5851467887266543,0.6244512847094394,0.5954703235977489,0.6185223528221426,0.6104594525012375,0.5974673774384632,0.5575086651643378,0.6884575366675535,0.6481326336432794,0.6771275772723957,0.5964489259953171,0.5721990541064046,0.6297723779749129,0.6831561085504981,0.6686956287076126,0.6500094324728831,0.6540940579253236,0.6613565770924024,0.6642639782471876
42_4_0,0.7981285145845222,0.7286954624066089,0.8003627756708549,0.8464784890027063,0.7921478924778069,0.8413177207708087,0.7867674848730938,0.7645530625369645,0.8433470234490439,0.83275706532427,0.7918481984604911,0.7376943162722283,1.0,0.7962443288793711,0.781497498678069,0.777547196939733,0.7098692912930988,0.7601975148924641,0.7899538728501101,0.69300913393122,0.8196117216050122,0.7831911452893091,0.5899861164960901,0.7619785378436706,0.6769608824578984,0.7380867664739639,0.7672423527684129,0.7786361760870997,0.7509037013707027,0.7641138890670776,0.7570434642301888,0.6676486895581285,0.7470122553934314,0.6522586743681292,0.647342454291007,0.8202316352639267,0.7969954975969563,0.7440782105610213,0.7661230626197746,0.698202486567933,0.7590207450449692,0.7426508969568846,0.7528721387649644,0.7103781246621584,0.6766473886597101
42_4_1,0.7275304376497527,0.6879821405563254,0.7531242707502205,0.8320096011438628,0.7286027456512855,0.8093460767340744,0.7150921507799284,0.6813297220630439,0.7900200364689727,0.767463738785402,0.828953636097881,0.7396625463750747,0.7962443288793711,1.0,0.6954143427280173,0.6578305259945316,0.6028576122069311,0.6953303759345325,0.773927222926865,0.6302996855061381,0.7666076246785043,0.6918733670534662,0.5185632089106578,0.6788072481425469,0.6210978942339312,0.7488254921613696,0.733353481402802,0.6561560903443648,0.7518794993302366,0.6746605594374808,0.6874863032847712,0.6057421011189481,0.714666453901074,0.7007833387255029,0.695547856732851,0.7783089066923303,0.7513029016914845,0.743683646181255,0.7586038654505284,0.651954071229643,0.7788949299100206,0.7565898075429303,0.7228195948154749,0.7519793488724016,0.637500701433491
42_4_2,0.7427932604960233,0.6448576646257611,0.7339704772353804,0.7280536196024763,0.711966262024688,0.6632228508004647,0.6376764147771725,0.7909239424978535,0.8299511284770014,0.8074484549000496,0.654376538448686,0.7764013783915683,0.781497498678069,0.6954143427280173,1.0,0.6521411472060786,0.5552286930800793,0.6161275328495163,0.6399680537077342,0.5052546415118654,0.5980330517732968,0.5940971469921649,0.5144877742959993,0.5946029514710461,0.632523448941827,0.5858453481289411,0.6010113838762476,0.6130669489622672,0.5464317029028009,0.6577235895081511,0.646233284785556,0.5581620456195515,0.618955758313112,0.6437852645837808,0.6361232246815244,0.6641853021430036,0.5959196159697105,0.604658440146709,0.6291058745020904,0.6867626808441278,0.6646016289460388,0.6474751311604368,0.6083470762454968,0.6465098509417585,0.6993230684982529
43_0_0,0.8100880688826317,0.6235661380132971,0.6929905162311463,0.8467261497757431,0.7412451279958991,0.7991873297038876,0.7450891227835771,0.6976396784341723,0.7772984743666874,0.7034803197162214,0.7639851441974911,0.5928215645857823,0.777547196939733,0.6578305259945316,0.6521411472060786,1.0,0.7735905181385611,0.8404423813408026,0.8788081177241603,0.8092543909600316,0.8610144038620123,0.8355159105591659,0.7140349312504956,0.8891085026253336,0.7259262041751791,0.8660021556353201,0.8477718773958964,0.8599216753515586,0.7552970319823326,0.8692238001981455,0.7781585907473835,0.6747613447716524,0.7482821474121928,0.6785198346905931,0.6396683997105919,0.762382348136977,0.788981764266144,0.7461855314583109,0.7416132585147777,0.541867361976444,0.7238937110087383,0.7349000131744517,0.7344011123970365,0.5946572769474321,0.6345736045411221
43_0_1,0.6774336088663804,0.6512010888836327,0.621552400431866,0.7183523701746306,0.7026755954087923,0.772157647443145,0.6604883568714065,0.5622776907353628,0.7093080518144466,0.612464168084352,0.8134644225151911,0.5650346652321141,0.7098692912930988,0.6028576122069311,0.5552286930800793,0.7735905181385611,1.0,0.8900989824403677,0.7666788713568471,0.845521935494676,0.8601938365766992,0.7335761827682994,0.5840037301068002,0.8521676409017637,0.5889686477309246,0.8445152785061459,0.8958166233189208,0.7940191164589607,0.8127385491880529,0.7958754128696116,0.7952537745295123,0.7619901621879549,0.8101177032360505,0.6220168631851035,0.580254592246746,0.7622139621531513,0.8537375434762395,0.8007773227045307,0.8371556340848374,0.5334592104321849,0.7762667162356417,0.7676305870516105,0.8249923851718396,0.5925820163620085,0.6171081077617346
43_0_2,0.7594275365979498,0.6111863587967613,0.6902941860053262,0.7914015218080175,0.7462087204532581,0.8174234549878224,0.6361135641115839,0.6318041577769324,0.6959841390587389,0.70417737750517,0.8006234062218471,0.574116911199254,0.7601975148924641,0.6953303759345325,0.6161275328495163,0.8404423813408026,0.8900989824403677,1.0,0.8479600823309434,0.9037079072221335,0.9182571051122125,0.7696971514529144,0.5945417472192679,0.861332225550893,0.6563615881504975,0.859046927980748,0.9013669018930277,0.8280574434773058,0.854606554297617,0.8378168473418849,0.8373676978513301,0.7260495587937504,0.8531957003955741,0.6301099222771445,0.6519616313655324,0.8056912517092816,0.8710142583792495,0.8654078971120548,0.7983474165625569,0.5982038808634234,0.7717479966115587,0.7770937886014536,0.852479296664161,0.6655527034958413,0.6510585342759859
43_1_0,0.8098886179875892,0.6388052310341918,0.7080008767928473,0.8558190046496825,0.7366653111027022,0.850448314263813,0.6973412149259097,0.6067473698877601,0.7509938204790271,0.7345973172500626,0.7891184910523665,0.6512259128956887,0.7899538728501101,0.773927222926865,0.6399680537077342,0.8788081177241603,0.7666788713568471,0.8479600823309434,1.0,0.8329279632118518,0.8838890669695509,0.752362054051243,0.6089614558643065,0.7990240602642928,0.6820093275775215,0.8021014180613983,0.876772840303435,0.8263704922171617,0.7843217002200685,0.7902510833534406,0.8513396833330187,0.7337828753877768,0.8138847632276056,0.7050357061008465,0.7173983761456472,0.8276703205810899,0.8480634273279455,0.8391258586400796,0.8340397038491754,0.625830024382422,0.8001496185065146,0.862165004161954,0.8388419325229824,0.7129523934947222,0.6869775107369696
43_1_1,0.7061256092424529,0.5688119525688464,0.6328928693843417,0.723505147276674,0.6838913577643763,0.7950531663258545,0.6648442398298255,0.5914776354464768,0.6587930944436166,0.6135759535588912,0.7714781844183962,0.5107563068202006,0.69300913393122,0.6302996855061381,0.5052546415118654,0.8092543909600316,0.845521935494676,0.9037079072221335,0.8329279632118518,1.0,0.8874921442777693,0.7766647787081383,0.6056549520123213,0.8194107540969003,0.605237520348315,0.8168531891645291,0.832395281714242,0.7619456493778302,0.7982880390767364,0.7036258312089753,0.7771139017767213,0.7061250755035902,0.7983956371172267,0.6108735389139804,0.6324563168494247,0.752874159183259,0.8193446323792424,0.8059699516111696,0.766072225129246,0.5265466778398561,0.7448642203833739,0.7255294281125182,0.767597569319811,0.5843762707291479,0.5525857461131558
43_1_2,0.8029300641523718,0.6731477859330269,0.7088989889583448,0.8714927206980035,0.7429576192930674,0.8982923423888229,0.7542107259733437,0.6714224347001583,0.7669643961902046,0.6863450358607808,0.8722422624134204,0.5972465132656076,0.8196117216050122,0.7666076246785043,0.5980330517732968,0.8610144038620123,0.8601938365766992,0.9182571051122125,0.8838890669695509,0.8874921442777693,1.0,0.8167323440310447,0.6411607952281831,0.8867687220167091,0.6901299978838484,0.9085525211832322,0.9293401361010714,0.8433017539779161,0.8764276006174948,0.8066564540608087,0.8576304795173709,0.7341589622774279,0.8348680408862359,0.673877299775095,0.6407942526753385,0.8394188196305701,0.8901421978810485,0.8981240720198482,0.8398013758586957,0.5713445736425369,0.8103372711271989,0.8322699172350826,0.8460258932896115,0.7182182057762951,0.6050360594863405
43_2_0,0.6864587897566341,0.603969004526474,0.6342504725816773,0.7176593759680182,0.6923674542219493,0.7553650859379597,0.7178437078017467,0.5831703635529283,0.7284603242141842,0.591452256635318,0.7293175815835693,0.5611251318999552,0.7831911452893091,0.6918733670534662,0.5940971469921649,0.8355159105591659,0.7335761827682994,0.7696971514529144,0.752362054051243,0.7766647787081383,0.8167323440310447,1.0,0.6330650236814664,0.8341116263084697,0.6661801179539697,0.8334411699869373,0.7720667534128114,0.8233269698517589,0.7958961657637069,0.7652462749826852,0.6766149444236567,0.6127661235110178,0.6544850808737185,0.5485800949879924,0.5691516392344079,0.7055437575755273,0.7211272519084881,0.6532081666069692,0.7150522892730021,0.489295950827411,0.6819897461576628,0.6510034247962669,0.7154879140511473,0.6312333944480817,0.5759512937706714
43_2_1,0.636676464967784,0.5301124445556654,0.5777062005076026,0.5887579662089039,0.608204543089885,0.625163384959162,0.5796564711962614,0.5767676717773664,0.613027801288343,0.5672108245684696,0.5635930261139512,0.5028622266629813,0.5899861164960901,0.5185632089106578,0.5144877742959993,0.7140349312504956,0.5840037301068002,0.5945417472192679,0.6089614558643065,0.6056549520123213,0.6411607952281831,0.6330650236814664,1.0,0.6928048723893303,0.6648782358893169,0.687455734381913,0.5192703135346945,0.6823794290013812,0.5346766953712702,0.7168137680839864,0.5348831143775734,0.4431389442809422,0.5330674265994876,0.49496893391763896,0.4989768445595784,0.612359876581724,0.5190543987407583,0.5324750753446564,0.5186326712965462,0.46860563132758715,0.5137909837003998,0.4984598255153171,0.48126121661266047,0.4714469680015723,0.45823405920170324
43_2_2,0.7521887252954436,0.6778549538089389,0.6631951247132927,0.753762266949936,0.6892788529101751,0.7985580526107374,0.7563901676636053,0.6055312834933425,0.7247275370879809,0.6499372620581774,0.7939299704797834,0.6069630062404715,0.7619785378436706,0.6788072481425469,0.5946029514710461,0.8891085026253336,0.8521676409017637,0.861332225550893,0.7990240602642928,0.8194107540969003,0.8867687220167091,0.8341116263084697,0.6928048723893303,1.0,0.6753016746579507,0.9211213858349491,0.9022935750099702,0.8865849438222592,0.8170009262744853,0.8827954341532376,0.7793191626397723,0.7197051913752863,0.7279568700557992,0.6092642979547553,0.6031850072790398,0.769799998676459,0.8149141402363361,0.7672204953132483,0.7572894084855916,0.5519484025053751,0.7726660082743141,0.778036084772093,0.7750544709931076,0.6487199619356515,0.6383358809969282
43_3_0,0.6784835805647184,0.585149892535463,0.663928521591026,0.6819215012413212,0.659575247270712,0.6975334319958348,0.5887286398558838,0.6350451407663141,0.6892456002132041,0.6902391701389023,0.6654868139089085,0.5891426681862526,0.6769608824578984,0.6210978942339312,0.632523448941827,0.7259262041751791,0.5889686477309246,0.6563615881504975,0.6820093275775215,0.605237520348315,0.6901299978838484,0.6661801179539697,0.6648782358893169,0.6753016746579507,1.0,0.7103002625315924,0.6149482520312816,0.7407768554020986,0.6050392266119176,0.7521962510504229,0.6013988791732505,0.5757333921440665,0.6131867240981436,0.5559801463471606,0.5864304729036197,0.6502820441566133,0.593165832237244,0.593054027774171,0.6336474530945255,0.5508256085011812,0.640955735632235,0.6008827254897076,0.6354913415199218,0.5479639876760819,0.5915865215336324
43_3_1,0.7504915032959681,0.6534754135392257,0.6891394439891211,0.7767280051303609,0.7524187962012922,0.8403618700862356,0.7393636636826998,0.6249686483650331,0.7869693903955312,0.6503723270252311,0.8318989704354305,0.6088630277385655,0.7380867664739639,0.7488254921613696,0.5858453481289411,0.8660021556353201,0.8445152785061459,0.859046927980748,0.8021014180613983,0.8168531891645291,0.9085525211832322,0.8334411699869373,0.687455734381913,0.9211213858349491,0.7103002625315924,1.0,0.879844990921833,0.8538253591252907,0.8500671683052352,0.8836698621031837,0.7316378354489084,0.6917173186541772,0.7671873683026121,0.571515694641774,0.639458993848222,0.7703583340937428,0.8334765664998351,0.7356973482269692,0.8248916164111613,0.545568207368002,0.7675451967741072,0.7693270659582998,0.7337048793785031,0.7121794633453794,0.6133279038471879
43_3_2,0.7628733289972466,0.6223748065071659,0.6239791900048545,0.8697471809093514,0.693116228601881,0.8543317067633612,0.7497536967604325,0.5730766003760436,0.7583276353383316,0.6563134787408679,0.8341728882506275,0.5851467887266543,0.7672423527684129,0.733353481402802,0.6010113838762476,0.8477718773958964,0.8958166233189208,0.9013669018930277,0.876772840303435,0.832395281714242,0.9293401361010714,0.7720667534128114,0.5192703135346945,0.9022935750099702,0.6149482520312816,0.879844990921833,1.0,0.8495380089985751,0.860664682742398,0.8266628814884124,0.8453754898141939,0.7375255068820069,0.8079032724731363,0.7015451274540878,0.6182689232382101,0.8176819688422726,0.8944551650948815,0.8373944534502463,0.8700433610029373,0.5707852378168107,0.8072969050549181,0.8303325769878983,0.8597182599768675,0.6923099334457503,0.6579350159066649
43_4_0,0.6921606003973703,0.6126851700347737,0.6666591091135462,0.7595803096860136,0.6814238321209853,0.7705616727477992,0.7129966549226876,0.5789300479797592,0.709936257063094,0.6578911459669252,0.7188185725744871,0.6244512847094394,0.7786361760870997,0.6561560903443648,0.6130669489622672,0.8599216753515586,0.7940191164589607,0.8280574434773058,0.8263704922171617,0.7619456493778302,0.8433017539779161,0.8233269698517589,0.6823794290013812,0.8865849438222592,0.7407768554020986,0.8538253591252907,0.8495380089985751,1.0,0.7778635997384216,0.8879532904282686,0.7184227713630975,0.641924042266963,0.7338735707900362,0.6214654043519666,0.5455260559732946,0.7676644556231008,0.7945292707794673,0.7015258421231103,0.7470272804737541,0.5963867378651088,0.7141695269424404,0.733916567588266,0.735225643864072,0.6367297779211,0.6223402096896823
43_4_1,0.6811983372964947,0.6154008146141106,0.6466488778830025,0.7645917162296262,0.6486358066114237,0.7891169228547472,0.7299335651516802,0.5298256874501353,0.6710137520288292,0.6255574145229106,0.7991857939972128,0.5954703235977489,0.7509037013707027,0.7518794993302366,0.5464317029028009,0.7552970319823326,0.8127385491880529,0.854606554297617,0.7843217002200685,0.7982880390767364,0.8764276006174948,0.7958961657637069,0.5346766953712702,0.8170009262744853,0.6050392266119176,0.8500671683052352,0.860664682742398,0.7778635997384216,1.0,0.7418182802767691,0.7250495476159798,0.6284438651853188,0.744599302400237,0.6479120292413305,0.6126359090263874,0.7851781831828499,0.8052630205745646,0.7806634657658349,0.7439360604766441,0.583371932183027,0.7418079110494755,0.7287561144995901,0.7699117639357694,0.7164435040341529,0.5875476867042423
43_4_2,0.7248492616000762,0.5828375141231021,0.717536794810302,0.780546192851283,0.6652028864969678,0.7289386764416833,0.6601455212639544,0.6320167188126815,0.7688192783486523,0.681407147500685,0.7714799776657492,0.6185223528221426,0.7641138890670776,0.6746605594374808,0.6577235895081511,0.8692238001981455,0.7958754128696116,0.8378168473418849,0.7902510833534406,0.7036258312089753,0.8066564540608087,0.7652462749826852,0.7168137680839864,0.8827954341532376,0.7521962510504229,0.8836698621031837,0.8266628814884124,0.8879532904282686,0.7418182802767691,1.0,0.723130024003957,0.6507072414164161,0.7499308555858377,0.6046391377314075,0.5418097360760228,0.7007705512600411,0.7468261663127157,0.7175626862937888,0.7642990608965113,0.5823483384440951,0.740624593169578,0.7335464697547939,0.7293489579137806,0.6289818752054739,0.6467226539217047
44_0_0,0.8138054365569466,0.6637455704105568,0.6944626930295917,0.8611914128820299,0.7591494088103163,0.8477322020012037,0.7137462120359678,0.6682360219921811,0.79370249859809,0.727010861627683,0.8005997170961053,0.6104594525012375,0.7570434642301888,0.6874863032847712,0.646233284785556,0.7781585907473835,0.7952537745295123,0.8373676978513301,0.8513396833330187,0.7771139017767213,0.8576304795173709,0.6766149444236567,0.5348831143775734,0.7793191626397723,0.6013988791732505,0.7316378354489084,0.8453754898141939,0.7184227713630975,0.7250495476159798,0.723130024003957,1.0,0.8486388647590466,0.895341648013992,0.7929765691162703,0.7495936476401873,0.8858583055263298,0.8983678653054749,0.8915461721638813,0.8858433852571487,0.6503335799482057,0.883000178842065,0.8906433242351999,0.9131888949893385,0.7031795525776002,0.7523704401476057
44_0_1,0.6916062442693024,0.62076902490925,0.6309515520915171,0.7257749639348859,0.6823831317418928,0.7322901168810889,0.5975090265424575,0.5644963629328177,0.72083888976362,0.660341408664033,0.7711521434389063,0.5974673774384632,0.6676486895581285,0.6057421011189481,0.5581620456195515,0.6747613447716524,0.7619901621879549,0.7260495587937504,0.7337828753877768,0.7061250755035902,0.7341589622774279,0.6127661235110178,0.4431389442809422,0.7197051913752863,0.5757333921440665,0.6917173186541772,0.7375255068820069,0.641924042266963,0.6284438651853188,0.6507072414164161,0.8486388647590466,1.0,0.8163787068652435,0.745436059590629,0.7264185878251863,0.8053499810146166,0.84089429203023,0.813813278741486,0.8647496939572542,0.6366772541366941,0.8528796133203506,0.8292496260780506,0.8747398519154906,0.6421987370188694,0.7090023939426867
44_0_2,0.763620020583609,0.6129332868542251,0.6770218170810961,0.8233868428726309,0.7456328094248913,0.8105185145668489,0.5999287562772698,0.6148581674769839,0.7070137299503606,0.7057285716633371,0.8339020986588059,0.5575086651643378,0.7470122553934314,0.714666453901074,0.618955758313112,0.7482821474121928,0.8101177032360505,0.8531957003955741,0.8138847632276056,0.7983956371172267,0.8348680408862359,0.6544850808737185,0.5330674265994876,0.7279568700557992,0.6131867240981436,0.7671873683026121,0.8079032724731363,0.7338735707900362,0.744599302400237,0.7499308555858377,0.895341648013992,0.8163787068652435,1.0,0.7110071144221782,0.7375169441743736,0.8597498353411965,0.9554697839268258,0.960385651035859,0.94285061762653,0.6758153916686174,0.8858577028249808,0.8558210429131601,0.9277248000893094,0.7710568405550287,0.722024031381814
44_1_0,0.7241104459169492,0.6314200999747249,0.6274526958591955,0.7165082034288593,0.65600227807514,0.6968674113446037,0.6110811791929627,0.6304722604087585,0.6989421285640792,0.6839829463190183,0.627669274826962,0.6884575366675535,0.6522586743681292,0.7007833387255029,0.6437852645837808,0.6785198346905931,0.6220168631851035,0.6301099222771445,0.7050357061008465,0.6108735389139804,0.673877299775095,0.5485800949879924,0.49496893391763896,0.6092642979547553,0.5559801463471606,0.571515694641774,0.7015451274540878,0.6214654043519666,0.6479120292413305,0.6046391377314075,0.7929765691162703,0.745436059590629,0.7110071144221782,1.0,0.7613017596758596,0.7891154426385228,0.722250769274921,0.6995032933169043,0.7641893324905972,0.7486352709820833,0.7728357656611575,0.8297704238532249,0.7735598893010703,0.7602685497383781,0.7577154336181888
44_1_1,0.7035748638361106,0.5939627195224467,0.6722989833740985,0.7198715716848872,0.6832260651005942,0.6742636604820721,0.5757275646871014,0.6575037356881578,0.7399363303052606,0.7169389947320939,0.6959602995369238,0.6481326336432794,0.647342454291007,0.695547856732851,0.6361232246815244,0.6396683997105919,0.580254592246746,0.6519616313655324,0.7173983761456472,0.6324563168494247,0.6407942526753385,0.5691516392344079,0.4989768445595784,0.6031850072790398,0.5864304729036197,0.639458993848222,0.6182689232382101,0.5455260559732946,0.6126359090263874,0.5418097360760228,0.7495936476401873,0.7264185878251863,0.7375169441743736,0.7613017596758596,1.0,0.8088849405653825,0.7379896637641246,0.749920132541587,0.7872700044363821,0.7173536480625876,0.7944515022757982,0.7567544114021172,0.7307854657373531,0.7702847381856498,0.6909007501882987
44_1_2,0.8198858935424754,0.6997921865161213,0.7243147583097631,0.8500950425595337,0.7594140324958477,0.8554253111633455,0.7212854580920486,0.7394019840178575,0.7999602347325083,0.7440107959974986,0.810098223516034,0.6771275772723957,0.8202316352639267,0.7783089066923303,0.6641853021430036,0.762382348136977,0.7622139621531513,0.8056912517092816,0.8276703205810899,0.752874159183259,0.8394188196305701,0.7055437575755273,0.612359876581724,0.769799998676459,0.6502820441566133,0.7703583340937428,0.8176819688422726,0.7676644556231008,0.7851781831828499,0.7007705512600411,0.8858583055263298,0.8053499810146166,0.8597498353411965,0.7891154426385228,0.8088849405653825,1.0,0.8671963358205746,0.8997955349306255,0.8693835245160466,0.7579105111795358,0.8690202422786032,0.8781151240804264,0.8815918687908003,0.843636460357754,0.7333839753251891
44_2_0,0.7759482998316833,0.6357609340236332,0.6832760546041289,0.8641947535229109,0.7509631408238832,0.8676378485531102,0.705374053079647,0.6140574016044292,0.8013103805079395,0.6745970849920709,0.894197185454726,0.5964489259953171,0.7969954975969563,0.7513029016914845,0.5959196159697105,0.788981764266144,0.8537375434762395,0.8710142583792495,0.8480634273279455,0.8193446323792424,0.8901421978810485,0.7211272519084881,0.5190543987407583,0.8149141402363361,0.593165832237244,0.8334765664998351,0.8944551650948815,0.7945292707794673,0.8052630205745646,0.7468261663127157,0.8983678653054749,0.84089429203023,0.9554697839268258,0.722250769274921,0.7379896637641246,0.8671963358205746,1.0,0.9393372589158124,0.9627589154228969,0.6436943433475927,0.9176517822080561,0.8990949244760232,0.9438947795011597,0.8219182175039494,0.7354281135574773
44_2_1,0.751772228600192,0.6008660819961188,0.6868543430910534,0.8454228627729462,0.7480771110375676,0.882147936459303,0.6312262376568375,0.6352083583104133,0.7467019826543753,0.7065944110249647,0.8453174024293708,0.5721990541064046,0.7440782105610213,0.743683646181255,0.604658440146709,0.7461855314583109,0.8007773227045307,0.8654078971120548,0.8391258586400796,0.8059699516111696,0.8981240720198482,0.6532081666069692,0.5324750753446564,0.7672204953132483,0.593054027774171,0.7356973482269692,0.8373944534502463,0.7015258421231103,0.7806634657658349,0.7175626862937888,0.8915461721638813,0.813813278741486,0.960385651035859,0.6995032933169043,0.749920132541587,0.8997955349306255,0.9393372589158124,1.0,0.9463945366594,0.6689436381126025,0.8869341302445104,0.8762916931522966,0.8905906381707458,0.7675497722583168,0.6965284125444271
44_2_2,0.7691562010525874,0.6992508848336728,0.6998173571473931,0.8555878648674469,0.7801992918181705,0.8303874517798377,0.7193389918472717,0.6780456448016418,0.779239497138731,0.7391488526236015,0.8992224717946393,0.6297723779749129,0.7661230626197746,0.7586038654505284,0.6291058745020904,0.7416132585147777,0.8371556340848374,0.7983474165625569,0.8340397038491754,0.766072225129246,0.8398013758586957,0.7150522892730021,0.5186326712965462,0.7572894084855916,0.6336474530945255,0.8248916164111613,0.8700433610029373,0.7470272804737541,0.7439360604766441,0.7642990608965113,0.8858433852571487,0.8647496939572542,0.94285061762653,0.7641893324905972,0.7872700044363821,0.8693835245160466,0.9627589154228969,0.9463945366594,1.0,0.7314861457015632,0.9316789340634501,0.9060586356955921,0.9255032090039659,0.8093247601517756,0.753247224645811
44_3_0,0.6232349720091604,0.6361109471215847,0.6447977972848733,0.66464844778188,0.6038628754447202,0.6121607756214534,0.5360664959076746,0.6273506300933724,0.68780533216928,0.7164045284665245,0.6068842391428462,0.6831561085504981,0.698202486567933,0.651954071229643,0.6867626808441278,0.541867361976444,0.5334592104321849,0.5982038808634234,0.625830024382422,0.5265466778398561,0.5713445736425369,0.489295950827411,0.46860563132758715,0.5519484025053751,0.5508256085011812,0.545568207368002,0.5707852378168107,0.5963867378651088,0.583371932183027,0.5823483384440951,0.6503335799482057,0.6366772541366941,0.6758153916686174,0.7486352709820833,0.7173536480625876,0.7579105111795358,0.6436943433475927,0.6689436381126025,0.7314861457015632,1.0,0.7296058195289932,0.7366062945675759,0.7250841119090004,0.7509847776262374,0.7604306110695713
44_3_1,0.7583634217131082,0.6691256760500033,0.6957684462197936,0.8245106522833361,0.7666663332487778,0.8252892142694153,0.6931859067825721,0.6884958141138052,0.8205936307303181,0.7321940579190604,0.8368523755521688,0.6686956287076126,0.7590207450449692,0.7788949299100206,0.6646016289460388,0.7238937110087383,0.7762667162356417,0.7717479966115587,0.8001496185065146,0.7448642203833739,0.8103372711271989,0.6819897461576628,0.5137909837003998,0.7726660082743141,0.640955735632235,0.7675451967741072,0.8072969050549181,0.7141695269424404,0.7418079110494755,0.740624593169578,0.883000178842065,0.8528796133203506,0.8858577028249808,0.7728357656611575,0.7944515022757982,0.8690202422786032,0.9176517822080561,0.8869341302445104,0.9316789340634501,0.7296058195289932,1.0,0.8924988921291946,0.890770945272513,0.8469682417826712,0.8346414076485269
44_3_2,0.7788714158367346,0.6598914239404862,0.6706510544472222,0.8746345562740816,0.7107384825840443,0.8307761236510957,0.7122146672702583,0.6371244416611266,0.7813795844698781,0.7272429303165984,0.7941469872093,0.6500094324728831,0.7426508969568846,0.7565898075429303,0.6474751311604368,0.7349000131744517,0.7676305870516105,0.7770937886014536,0.862165004161954,0.7255294281125182,0.8322699172350826,0.6510034247962669,0.4984598255153171,0.778036084772093,0.6008827254897076,0.7693270659582998,0.8303325769878983,0.733916567588266,0.7287561144995901,0.7335464697547939,0.8906433242351999,0.8292496260780506,0.8558210429131601,0.8297704238532249,0.7567544114021172,0.8781151240804264,0.8990949244760232,0.8762916931522966,0.9060586356955921,0.7366062945675759,0.8924988921291946,1.0,0.9155033270961193,0.8071697905845842,0.7774924870903229
44_4_0,0.7408692991697675,0.6571100025556057,0.6871053281656094,0.8501731204455868,0.7367475154897197,0.8301567175349693,0.7065967029649292,0.6015112457209437,0.7508010489171679,0.7431071953611498,0.7765796193305662,0.6540940579253236,0.7528721387649644,0.7228195948154749,0.6083470762454968,0.7344011123970365,0.8249923851718396,0.852479296664161,0.8388419325229824,0.767597569319811,0.8460258932896115,0.7154879140511473,0.48126121661266047,0.7750544709931076,0.6354913415199218,0.7337048793785031,0.8597182599768675,0.735225643864072,0.7699117639357694,0.7293489579137806,0.9131888949893385,0.8747398519154906,0.9277248000893094,0.7735598893010703,0.7307854657373531,0.8815918687908003,0.9438947795011597,0.8905906381707458,0.9255032090039659,0.7250841119090004,0.890770945272513,0.9155033270961193,1.0,0.7953012036069866,0.7543080544357829
44_4_1,0.6410197972712511,0.5786898231036738,0.642440536792074,0.740576053055058,0.670890049838455,0.7140429208406894,0.6429082255982322,0.6026460937573109,0.7154959251157637,0.6453370859420375,0.7726969442869125,0.6613565770924024,0.7103781246621584,0.7519793488724016,0.6465098509417585,0.5946572769474321,0.5925820163620085,0.6655527034958413,0.7129523934947222,0.5843762707291479,0.7182182057762951,0.6312333944480817,0.4714469680015723,0.6487199619356515,0.5479639876760819,0.7121794633453794,0.6923099334457503,0.6367297779211,0.7164435040341529,0.6289818752054739,0.7031795525776002,0.6421987370188694,0.7710568405550287,0.7602685497383781,0.7702847381856498,0.843636460357754,0.8219182175039494,0.7675497722583168,0.8093247601517756,0.7509847776262374,0.8469682417826712,0.8071697905845842,0.7953012036069866,1.0,0.7600768598484559
44_4_2,0.660724850720421,0.5669904939823737,0.64094073246085,0.7047099644050079,0.634697636495093,0.5999994794063968,0.5812603136133346,0.6498519864803408,0.7301387050545356,0.7180015768612644,0.656023748736534,0.6642639782471876,0.6766473886597101,0.637500701433491,0.6993230684982529,0.6345736045411221,0.6171081077617346,0.6510585342759859,0.6869775107369696,0.5525857461131558,0.6050360594863405,0.5759512937706714,0.45823405920170324,0.6383358809969282,0.5915865215336324,0.6133279038471879,0.6579350159066649,0.6223402096896823,0.5875476867042423,0.6467226539217047,0.7523704401476057,0.7090023939426867,0.722024031381814,0.7577154336181888,0.6909007501882987,0.7333839753251891,0.7354281135574773,0.6965284125444271,0.753247224645811,0.7604306110695713,0.8346414076485269,0.7774924870903229,0.7543080544357829,0.7600768598484559,1.0
