seed,context,inner,label,n,recovered,harmed,both_wrong,agreement
42,0,0,0,74,3,2,16,0.9324324324324325
42,0,0,1,31,0,2,12,0.9354838709677419
42,0,1,0,73,0,1,7,0.9863013698630136
42,0,1,1,30,0,0,16,1.0
42,0,2,0,73,6,0,12,0.9178082191780822
42,0,2,1,29,0,5,7,0.8275862068965517
42,1,0,0,74,0,3,15,0.9594594594594594
42,1,0,1,31,0,2,13,0.9354838709677419
42,1,1,0,74,0,2,9,0.972972972972973
42,1,1,1,30,0,0,12,1.0
42,1,2,0,73,0,0,8,1.0
42,1,2,1,30,0,2,13,0.9333333333333333
42,2,0,0,74,0,2,8,0.972972972972973
42,2,0,1,31,0,0,13,1.0
42,2,1,0,74,1,10,22,0.8513513513513513
42,2,1,1,30,5,0,6,0.8333333333333334
42,2,2,0,73,4,1,15,0.9315068493150684
42,2,2,1,30,0,4,12,0.8666666666666667
42,3,0,0,74,3,0,12,0.9594594594594594
42,3,0,1,31,0,3,11,0.9032258064516129
42,3,1,0,74,5,0,18,0.9324324324324325
42,3,1,1,31,0,5,10,0.8387096774193549
42,3,2,0,73,2,1,7,0.958904109589041
42,3,2,1,30,0,4,11,0.8666666666666667
42,4,0,0,74,4,1,15,0.9324324324324325
42,4,0,1,31,0,5,7,0.8387096774193549
42,4,1,0,74,0,10,9,0.8648648648648649
42,4,1,1,31,2,0,15,0.9354838709677419
42,4,2,0,73,0,1,11,0.9863013698630136
42,4,2,1,30,2,3,8,0.8333333333333334
43,0,0,0,74,2,3,13,0.9324324324324325
43,0,0,1,31,2,3,11,0.8387096774193549
43,0,1,0,73,16,0,21,0.7808219178082192
43,0,1,1,30,0,9,5,0.7
43,0,2,0,73,0,1,13,0.9863013698630136
43,0,2,1,29,0,3,10,0.896551724137931
43,1,0,0,74,0,12,12,0.8378378378378378
43,1,0,1,31,1,0,13,0.967741935483871
43,1,1,0,74,3,0,11,0.9594594594594594
43,1,1,1,30,0,4,8,0.8666666666666667
43,1,2,0,73,14,0,14,0.8082191780821918
43,1,2,1,30,0,10,7,0.6666666666666666
43,2,0,0,74,0,0,6,1.0
43,2,0,1,31,0,1,12,0.967741935483871
43,2,1,0,74,10,0,16,0.8648648648648649
43,2,1,1,30,0,7,9,0.7666666666666667
43,2,2,0,73,7,0,16,0.9041095890410958
43,2,2,1,30,0,5,6,0.8333333333333334
43,3,0,0,74,7,0,13,0.9054054054054054
43,3,0,1,31,0,6,10,0.8064516129032258
43,3,1,0,74,3,0,11,0.9594594594594594
43,3,1,1,31,0,6,12,0.8064516129032258
43,3,2,0,73,6,0,12,0.9178082191780822
43,3,2,1,30,0,5,5,0.8333333333333334
43,4,0,0,74,1,0,10,0.9864864864864865
43,4,0,1,31,0,2,12,0.9354838709677419
43,4,1,0,74,7,0,12,0.9054054054054054
43,4,1,1,31,0,9,11,0.7096774193548387
43,4,2,0,73,1,1,11,0.9726027397260274
43,4,2,1,30,0,2,10,0.9333333333333333
44,0,0,0,74,2,0,14,0.972972972972973
44,0,0,1,31,0,0,15,1.0
44,0,1,0,73,3,0,13,0.958904109589041
44,0,1,1,30,1,3,11,0.8666666666666667
44,0,2,0,73,0,6,10,0.9178082191780822
44,0,2,1,29,0,1,10,0.9655172413793104
44,1,0,0,74,3,0,10,0.9594594594594594
44,1,0,1,31,0,4,11,0.8709677419354839
44,1,1,0,74,2,0,10,0.972972972972973
44,1,1,1,30,0,1,11,0.9666666666666667
44,1,2,0,73,1,0,10,0.9863013698630136
44,1,2,1,30,1,0,11,0.9666666666666667
44,2,0,0,74,1,0,12,0.9864864864864865
44,2,0,1,31,0,2,13,0.9354838709677419
44,2,1,0,74,13,0,16,0.8243243243243243
44,2,1,1,30,0,9,5,0.7
44,2,2,0,73,4,0,13,0.9452054794520548
44,2,2,1,30,0,4,8,0.8666666666666667
44,3,0,0,74,4,0,19,0.9459459459459459
44,3,0,1,31,0,6,8,0.8064516129032258
44,3,1,0,74,13,0,14,0.8243243243243243
44,3,1,1,31,0,8,7,0.7419354838709677
44,3,2,0,73,1,4,7,0.9315068493150684
44,3,2,1,30,1,1,6,0.9333333333333333
44,4,0,0,74,6,0,10,0.918918918918919
44,4,0,1,31,0,3,8,0.9032258064516129
44,4,1,0,74,3,0,15,0.9594594594594594
44,4,1,1,31,0,6,13,0.8064516129032258
44,4,2,0,73,0,1,12,0.9863013698630136
44,4,2,1,30,2,1,9,0.9
