seed,context,inner,best_epoch,stop_epoch,epochs_after_best,best_train_balanced_accuracy,best_train_macro_auroc,best_train_classification_loss,best_train_loss,best_validation_balanced_accuracy,best_validation_macro_auroc,best_validation_classification_loss,best_validation_loss,last_train_balanced_accuracy,last_train_macro_auroc,last_train_classification_loss,last_train_loss,last_validation_balanced_accuracy,last_validation_macro_auroc,last_validation_classification_loss,last_validation_loss
42,0,0,6,18,12,0.8092639888553517,,0.4554826538737227,0.4554826538737227,0.6780732345248475,0.6974716652136007,0.6219585106486366,0.6219585106486366,1.0,,0.029787103372921304,0.029787103372921304,0.6442894507410637,0.7066259808195292,1.0801325295652662,1.0801325295652662
42,0,1,24,36,12,1.0,,0.007551489016581057,0.007551489016581057,0.6853881278538813,0.7360730593607306,1.1876870437154492,1.1876870437154492,1.0,,0.0042052898164568605,0.0042052898164568605,0.6648401826484018,0.7465753424657534,1.2542771193587665,1.2542771193587665
42,0,2,8,20,12,0.768038362886138,,0.48203345846671325,0.48203345846671325,0.7560226735947095,0.8261691072272083,0.498217935071272,0.498217935071272,1.0,,0.018177062801371973,0.018177062801371973,0.7073689182805858,0.7897968823807274,0.8485586435771456,0.8485586435771456
42,1,0,6,18,12,0.7525510204081632,,0.49545373490467165,0.49545373490467165,0.6889712292938099,0.7445510026155188,0.6088807094664801,0.6088807094664801,1.0,,0.05415462545942569,0.05415462545942569,0.6057105492589363,0.7480383609415867,0.9260243063969981,0.9260243063969981
42,1,1,10,22,12,0.8656183784989406,,0.32153793768240857,0.32153793768240857,0.7391891891891892,0.7702702702702703,0.5927627625373694,0.5927627625373694,1.0,,0.012033705456325641,0.012033705456325641,0.7094594594594594,0.7581081081081081,0.9889859537092539,0.9889859537092539
42,1,2,21,33,12,1.0,,0.03062391186436041,0.03062391186436041,0.7285388127853881,0.763013698630137,0.8737949653736596,0.8737949653736596,1.0,,0.006421694788261892,0.006421694788261892,0.6353881278538812,0.7735159817351598,1.101232143281733,1.101232143281733
42,2,0,13,25,12,0.9159863945578232,,0.24833928833261204,0.24833928833261204,0.7362685265911073,0.7441150828247602,0.6363175504973957,0.6363175504973957,1.0,,0.0104133036788463,0.0104133036788463,0.7107672188317349,0.7419354838709677,0.9326825843325683,0.9326825843325683
42,2,1,2,14,12,0.6141964982714397,,0.6529803436536056,0.6529803436536056,0.6612612612612612,0.7477477477477478,0.6373561849960914,0.6373561849960914,0.9686071149771384,,0.11578889062198308,0.11578889062198308,0.5950450450450451,0.6509009009009009,0.8665846150655013,0.8665846150655013
42,2,2,15,27,12,0.9565795303500222,,0.17881698699659138,0.17881698699659138,0.6698630136986301,0.7511415525114156,0.6758362190816009,0.6758362190816009,1.0,,0.013336665603069313,0.013336665603069313,0.5972602739726027,0.7415525114155251,0.9602517566634613,0.9602517566634613
42,3,0,13,25,12,0.9795918367346939,,0.13874399647689784,0.13874399647689784,0.7212292938099389,0.7898866608544028,0.6432925080969221,0.6432925080969221,1.0,,0.00894409220200032,0.00894409220200032,0.6769834350479511,0.7811682650392328,1.0719074491389273,1.0719074491389273
42,3,1,7,19,12,0.8316047730567637,,0.40172447780003917,0.40172447780003917,0.6833042720139494,0.7127288578901482,0.6332203185274488,0.6332203185274488,1.0,,0.02014532867962351,0.02014532867962351,0.6030950305143854,0.6965998256320837,1.3317073075544266,1.3317073075544266
42,3,2,3,15,12,0.6351351351351351,,0.6320750333013989,0.6320750333013989,0.7550228310502283,0.8401826484018264,0.5803147427086691,0.5803147427086691,1.0,,0.07602339418871062,0.07602339418871062,0.7011415525114155,0.8118721461187215,0.6757684234276559,0.6757684234276559
42,4,0,10,22,12,0.8329987732798038,,0.360780730843544,0.360780730843544,0.75871839581517,0.8108108108108109,0.5207306583722432,0.5207306583722432,1.0,,0.018608715671759386,0.018608715671759386,0.6852659110723627,0.7689625108979947,1.0787402612112817,1.0787402612112817
42,4,1,8,20,12,0.8166053306568529,,0.3694189672286694,0.3694189672286694,0.6649956408020924,0.6691368788142982,0.8066377586197285,0.8066377586197285,1.0,,0.026758935714427095,0.026758935714427095,0.6499564080209241,0.6795989537925021,1.1794744229964202,1.1794744229964202
42,4,2,11,23,12,0.85178727114211,,0.38166406949361165,0.38166406949361165,0.7579908675799086,0.8095890410958904,0.5297473700879847,0.5297473700879847,1.0,,0.03955104280085791,0.03955104280085791,0.7178082191780821,0.819634703196347,0.639352077419318,0.639352077419318
43,0,0,5,17,12,0.727768748548874,,0.5291587935715187,0.5291587935715187,0.6889712292938099,0.7179598953792502,0.5968103749411446,0.5968103749411446,0.9965753424657534,,0.0368348246758304,0.0368348246758304,0.6687009590235398,0.7414995640802092,0.9346191965753123,0.9346191965753123
43,0,1,8,20,12,0.8823129251700681,,0.35503886719256783,0.35503886719256783,0.66324200913242,0.6885844748858447,0.7313871678796787,0.7313871678796787,1.0,,0.021193611825892817,0.021193611825892817,0.59337899543379,0.654337899543379,1.211046148561737,1.211046148561737
43,0,2,15,27,12,0.9884019181443069,,0.0548441035207361,0.0548441035207361,0.7385451110061407,0.7770429853566367,0.7057462211917428,0.7057462211917428,1.0,,0.004225252393203286,0.004225252393203286,0.6178554558337269,0.7430325932923949,1.0538850818194596,1.0538850818194596
43,1,0,5,17,12,0.7389455782312926,,0.5547176501601214,0.5547176501601214,0.6931124673060156,0.7210113339145597,0.6180676289967129,0.6180676289967129,1.0,,0.0719939747258373,0.0719939747258373,0.6514821272885789,0.6996512641673932,1.0509450843823807,1.0509450843823807
43,1,1,6,18,12,0.797423887587822,,0.5068795497600849,0.5068795497600849,0.7720720720720721,0.7869369369369369,0.565517402612246,0.565517402612246,1.0,,0.041229781694710255,0.041229781694710255,0.7423423423423423,0.8076576576576576,0.6381892911516703,0.6381892911516703
43,1,2,9,21,12,0.8509636685866194,,0.3259354859733125,0.3259354859733125,0.6915525114155252,0.7191780821917808,0.674138848932044,0.674138848932044,1.0,,0.010793119677315739,0.010793119677315739,0.6079908675799086,0.7036529680365297,1.3053019680806155,1.3053019680806155
43,2,0,23,35,12,1.0,,0.014312324199627562,0.014312324199627562,0.7659110723626853,0.7101133391455972,1.085950287183126,1.085950287183126,1.0,,0.004905924113278372,0.004905924113278372,0.7268962510897994,0.7057541412380122,1.2438253397033328,1.2438253397033328
43,2,1,6,18,12,0.7660310025649604,,0.49206223969276136,0.49206223969276136,0.6743243243243243,0.7225225225225225,0.6095414345081036,0.6095414345081036,1.0,,0.014894070676886119,0.014894070676886119,0.6288288288288288,0.6554054054054054,1.424821130071695,1.424821130071695
43,2,2,9,21,12,0.8080416482055827,,0.46123821769604845,0.46123821769604845,0.7424657534246575,0.7936073059360731,0.5561458245643134,0.5561458245643134,1.0,,0.01822933194597372,0.01822933194597372,0.6374429223744292,0.6968036529680365,1.2108346084946568,1.2108346084946568
43,3,0,10,22,12,0.885413181666109,,0.2547013911490257,0.2547013911490257,0.7035745422842197,0.7842197035745423,0.5852866134473256,0.5852866134473256,1.0,,0.008687626839113923,0.008687626839113923,0.6717523975588492,0.7759372275501307,1.1470652978437665,1.1470652978437665
43,3,1,10,22,12,0.9516003122560499,,0.19780666982898346,0.19780666982898346,0.7118570183086312,0.8051438535309503,0.5659728863409588,0.5659728863409588,1.0,,0.00798166346682522,0.00798166346682522,0.5952484742807324,0.8190932868352223,1.1592587882031997,1.1592587882031997
43,3,2,11,23,12,0.9245858761987794,,0.2346432308355967,0.2346432308355967,0.79337899543379,0.8073059360730593,0.5587908648750157,0.5587908648750157,1.0,,0.011081168720764773,0.011081168720764773,0.6707762557077626,0.7726027397260274,0.9186372534163947,0.9186372534163947
43,4,0,15,27,12,0.9965986394557823,,0.06904109373975259,0.06904109373975259,0.7321272885789014,0.8260680034873583,0.5498466173630385,0.5498466173630385,1.0,,0.004764639203830694,0.004764639203830694,0.6878814298169137,0.7964254577157803,0.9973160598438144,0.9973160598438144
43,4,1,15,27,12,1.0,,0.044536768924444914,0.044536768924444914,0.694202266782912,0.6861377506538797,0.9764420971983955,0.9764420971983955,1.0,,0.006325332497139103,0.006325332497139103,0.5640802092414996,0.6671752397558849,1.510297189271521,1.510297189271521
43,4,2,11,23,12,0.9043156059285091,,0.23927331410703204,0.23927331410703204,0.7511415525114156,0.8164383561643835,0.5703482575786923,0.5703482575786923,1.0,,0.009432446761500268,0.009432446761500268,0.6600456621004567,0.791324200913242,0.9425127862147915,0.9425127862147915
44,0,0,10,22,12,0.8586603204086372,,0.2991925726576549,0.2991925726576549,0.6499564080209241,0.7105492589363557,0.7140753235135759,0.7140753235135759,1.0,,0.010660725164159042,0.010660725164159042,0.6192240627724499,0.7140366172624237,1.3128135227021718,1.3128135227021718
44,0,1,10,22,12,0.9613945578231292,,0.19548540997908312,0.19548540997908312,0.6904109589041096,0.7100456621004566,0.7362580837555301,0.7362580837555301,1.0,,0.012712827699195935,0.012712827699195935,0.6353881278538812,0.7296803652968037,1.2018848437707401,1.2018848437707401
44,0,2,10,22,12,0.9127913460466154,,0.2708608118387369,0.2708608118387369,0.7590930562116203,0.8049126121870571,0.5738357004581713,0.5738357004581713,1.0,,0.009146560153637368,0.009146560153637368,0.721067548417572,0.7713745866792631,1.0760320071313603,1.0760320071313603
44,1,0,22,34,12,1.0,,0.02455876965597632,0.02455876965597632,0.7347428073234525,0.7454228421970357,0.9229174369042518,0.9229174369042518,1.0,,0.008980942273665454,0.008980942273665454,0.6837401918047079,0.7284219703574543,1.175559887005892,1.175559887005892
44,1,1,12,24,12,0.9863945578231292,,0.12127727040877709,0.12127727040877709,0.7355855855855855,0.713963963963964,0.8882830483982196,0.8882830483982196,1.0,,0.00783394769174405,0.00783394769174405,0.7027027027027026,0.7202702702702702,1.3830069980512445,1.3830069980512445
44,1,2,12,24,12,0.9802281789986708,,0.09305215965617787,0.09305215965617787,0.7246575342465753,0.7643835616438356,0.8271997518909787,0.8271997518909787,1.0,,0.005248229464047597,0.005248229464047597,0.6579908675799087,0.7479452054794521,1.1991884959409538,1.1991884959409538
44,2,0,15,27,12,1.0,,0.038318116001892784,0.038318116001892784,0.7024847428073235,0.7458587619877942,0.8225500874576115,0.8225500874576115,1.0,,0.0031303717273372957,0.0031303717273372957,0.6702266782911944,0.7258064516129032,1.1900875786230678,1.1900875786230678
44,2,1,4,16,12,0.6706256273001003,,0.5903280812960404,0.5903280812960404,0.7207207207207207,0.7315315315315315,0.6276332048269418,0.6276332048269418,1.0,,0.01683385031691824,0.01683385031691824,0.6527027027027027,0.7148648648648649,1.384937734558032,1.384937734558032
44,2,2,17,29,12,1.0,,0.023720351324091404,0.023720351324091404,0.7502283105022831,0.7844748858447489,0.8499940094149229,0.8499940094149229,1.0,,0.003275197467200779,0.003275197467200779,0.6109589041095891,0.773972602739726,1.2160269729431392,1.2160269729431392
44,3,0,5,17,12,0.7593955615032899,,0.5366544838135059,0.5366544838135059,0.7155623365300785,0.7436791630340017,0.5905398300715855,0.5905398300715855,1.0,,0.020251712636449017,0.020251712636449017,0.6390584132519617,0.7480383609415867,0.9872204346249678,0.9872204346249678
44,3,1,6,18,12,0.8172186907549905,,0.4039952542919379,0.4039952542919379,0.7046643417611159,0.7768090671316478,0.5906304288478125,0.5906304288478125,1.0,,0.011087358472510599,0.011087358472510599,0.6233653007846556,0.7811682650392328,1.3051560049965267,1.3051560049965267
44,3,2,11,23,12,0.9649084568439408,,0.14707884611118408,0.14707884611118408,0.8285388127853881,0.8689497716894977,0.4902026589634349,0.4902026589634349,1.0,,0.006225740634614513,0.006225740634614513,0.7716894977168949,0.85662100456621,0.7333447732103681,0.7333447732103681
44,4,0,14,26,12,0.963198394111743,,0.11862761405511545,0.11862761405511545,0.7628596338273758,0.8156059285091544,0.5375116529918852,0.5375116529918852,1.0,,0.008203148300078912,0.008203148300078912,0.6717523975588492,0.8051438535309503,1.0813884065264747,1.0813884065264747
44,4,1,8,20,12,0.9188134270101482,,0.23156013139165366,0.23156013139165366,0.6687009590235398,0.6931124673060157,0.8587875469277303,0.8587875469277303,1.0,,0.010686812031333549,0.010686812031333549,0.6405841325196164,0.6734960767218832,1.6995272733867057,1.6995272733867057
44,4,2,6,18,12,0.7930470793374019,,0.5109551258030391,0.5109551258030391,0.7344748858447488,0.7954337899543379,0.5452293117069503,0.5452293117069503,1.0,,0.019695174822672492,0.019695174822672492,0.7148401826484019,0.7949771689497717,0.8626169559446354,0.8626169559446354
